Workbook

Sheet SALDO ATUAL
A1: -
A2: CÓD | B2: STATUS | C2: NOME DO PRODUTO | D2: CATEGORIA | E2: UNIDADE | F2: FABRICANTE | G2: VALOR UNITÁRIO | H2: QTD EM ESTOQUE INICIAL | I2: QTD MÍNIMA | J2: TOTAL ENTRADA | K2: TOTAL SAÍDA | L2: QTD ESTOQUE ATUAL | M2: VALOR ESTIMADO | N2: VALOR TOTAL | O2: SITUAÇÃO | P2: QTD MÍNIMA A COMPRAR
A3: 1 | C3: AC. ALFA LIPOICO OPTMUS | D3: ATIVOS | E3: 001 - Ampola | F3: OPTIMUS | H3: 2 | I3: 4 | J3: =SUMIF(ENTRADAS!B:B,A:A,ENTRADAS!F:F) -> 6 | K3: =SUMIF(SAÍDAS!B:B,A:A,SAÍDAS!F:F) -> 5 | L3: =H3+J3-K3 -> 3 | M3: ='SALDO ATUAL'!$G277*'SALDO ATUAL'!$I277 -> 0 | N3: ='SALDO ATUAL'!$G277*'SALDO ATUAL'!$L277 -> 0 | O3: =IF(L3>=I3,"OK","COMPRAR") -> COMPRAR | P3: =IF(O3="COMPRAR",I3-L3,0) -> 1
A4: 2 | C4: ACNE FORMULA NEAUVIA | D4: ATIVOS | J4: =SUMIF(ENTRADAS!B:B,A:A,ENTRADAS!F:F) -> 0 | K4: =SUMIF(SAÍDAS!B:B,A:A,SAÍDAS!F:F) -> 0 | L4: =H4+J4-K4 -> 0 | M4: ='SALDO ATUAL'!$G169*'SALDO ATUAL'!$I169 -> 0 | N4: ='SALDO ATUAL'!$G169*'SALDO ATUAL'!$L169 -> 0 | O4: =IF(L4>=I4,"OK","COMPRAR") -> OK | P4: =IF(O4="COMPRAR",I4-L4,0) -> 0
A5: 5 | C5: AGUA DESTILADA 5L | D5: SOLUÇÕES | E5: 015- Galão | H5: 1
A6: 6 | C6: AGUA MICELAR BIODERMA | D6: DERMOCOSMÉTICO E COSMÉTICO | E6: 036 - Unidade | F6: BIODERMA | H6: 4 | I6: 4 | J6: =SUMIF(ENTRADAS!B:B,A:A,ENTRADAS!F:F) -> 0 | K6: =SUMIF(SAÍDAS!B:B,A:A,SAÍDAS!F:F) -> 5 | L6: =H6+J6-K6 -> -1 | M6: ='SALDO ATUAL'!$G11*'SALDO ATUAL'!$I11 -> 521 | N6: ='SALDO ATUAL'!$G11*'SALDO ATUAL'!$L11 -> 1042 | O6: =IF(L6>=I6,"OK","COMPRAR") -> COMPRAR | P6: =IF(O6="COMPRAR",I6-L6,0) -> 5
A7: 8 | C7: ÁGUA PARA INJEÇÃO EQUIPLEX | D7: MATERIAIS DESCARTÁVEIS E APOIO | E7: 012 - Flaconete | F7: EQUIPLEX | G7: 4.75 | H7: 20 | I7: 5 | J7: =SUMIF(ENTRADAS!B:B,A:A,ENTRADAS!F:F) -> 0 | K7: =SUMIF(SAÍDAS!B:B,A:A,SAÍDAS!F:F) -> 0 | L7: =H7+J7-K7 -> 20 | M7: =#REF!*#REF! -> #REF! | N7: =#REF!*#REF! -> #REF! | O7: =IF(L7>=I7,"OK","COMPRAR") -> OK | P7: =IF(O7="COMPRAR",I7-L7,0) -> 0
A8: 11 | C8: ÁGUA TERMAL MINERAUX | D8: DERMOCOSMÉTICO E COSMÉTICO | E8: 013 - Frasco | F8: MINERAUX | G8: 72.64 | H8: 72 | I8: 20 | J8: =SUMIF(ENTRADAS!B:B,A:A,ENTRADAS!F:F) -> 1 | K8: =SUMIF(SAÍDAS!B:B,A:A,SAÍDAS!F:F) -> 7 | L8: =H8+J8-K8 -> 66 | M8: ='SALDO ATUAL'!$G63*'SALDO ATUAL'!$I63 -> 32.5 | N8: ='SALDO ATUAL'!$G63*'SALDO ATUAL'!$L63 -> 26 | O8: =IF(L8>=I8,"OK","COMPRAR") -> OK | P8: =IF(O8="COMPRAR",I8-L8,0) -> 0
A9: 12 | C9: AGULHA 32G 4MM SMART GR | D9: AGULHAS | E9: 036 - Unidade | F9: SMART GR | G9: 302.9 | H9: 2 | I9: 1 | J9: =SUMIF(ENTRADAS!B:B,A:A,ENTRADAS!F:F) -> 0 | K9: =SUMIF(SAÍDAS!B:B,A:A,SAÍDAS!F:F) -> 0 | L9: =H9+J9-K9 -> 2 | M9: ='SALDO ATUAL'!$G298*'SALDO ATUAL'!$I298 -> 17 | N9: ='SALDO ATUAL'!$G298*'SALDO ATUAL'!$L298 -> 34 | O9: =IF(L9>=I9,"OK","COMPRAR") -> OK | P9: =IF(O9="COMPRAR",I9-L9,0) -> 0
A10: 13 | C10: AGULHA AMARELA 30G - 13X3 BD | D10: AGULHAS | E10: 036 - Unidade | F10: BD | G10: 24.12 | H10: 2 | I10: 1 | J10: =SUMIF(ENTRADAS!B:B,A:A,ENTRADAS!F:F) -> 0 | K10: =SUMIF(SAÍDAS!B:B,A:A,SAÍDAS!F:F) -> 0 | L10: =H10+J10-K10 -> 2 | M10: ='SALDO ATUAL'!$G297*'SALDO ATUAL'!$I297 -> 0 | N10: ='SALDO ATUAL'!$G297*'SALDO ATUAL'!$L297 -> 0 | O10: =IF(L10>=I10,"OK","COMPRAR") -> OK | P10: =IF(O10="COMPRAR",I10-L10,0) -> 0
A11: 15 | C11: AGULHA CHEYENNE 27 MAGNUM | D11: AGULHAS | E11: 036 - Unidade | F11: CHEYENNE | G11: 521 | H11: 2 | I11: 1 | J11: =SUMIF(ENTRADAS!B:B,A:A,ENTRADAS!F:F) -> 0 | K11: =SUMIF(SAÍDAS!B:B,A:A,SAÍDAS!F:F) -> 0 | L11: =H11+J11-K11 -> 2 | M11: ='SALDO ATUAL'!$G295*'SALDO ATUAL'!$I295 -> 27.18 | N11: ='SALDO ATUAL'!$G295*'SALDO ATUAL'!$L295 -> 27.18 | O11: =IF(L11>=I11,"OK","COMPRAR") -> OK | P11: =IF(O11="COMPRAR",I11-L11,0) -> 0
A12: 19 | C12: AH SOFIDERM 10ML | D12: PREENCHEDOR | E12: 023 - Mililitro | F12: AESKINS | H12: 4 | I12: 2 | J12: =SUMIF(ENTRADAS!B:B,A:A,ENTRADAS!F:F) -> 0 | K12: =SUMIF(SAÍDAS!B:B,A:A,SAÍDAS!F:F) -> 0 | L12: =H12+J12-K12 -> 4 | M12: ='SALDO ATUAL'!$G212*'SALDO ATUAL'!$I212 -> 18110.1 | N12: ='SALDO ATUAL'!$G212*'SALDO ATUAL'!$L212 -> 18110.1 | O12: =IF(L12>=I12,"OK","COMPRAR") -> OK | P12: =IF(O12="COMPRAR",I12-L12,0) -> 0
A13: 20 | C13: AGULHA ROSA 18G - 40X12 UNIQMED | D13: AGULHAS | E13: 036 - Unidade | F13: UNIQMED | G13: 10.87 | H13: 3 | I13: 2 | J13: =SUMIF(ENTRADAS!B:B,A:A,ENTRADAS!F:F) -> 0 | K13: =SUMIF(SAÍDAS!B:B,A:A,SAÍDAS!F:F) -> 2 | L13: =H13+J13-K13 -> 1 | M13: ='SALDO ATUAL'!$G296*'SALDO ATUAL'!$I296 -> 0 | N13: ='SALDO ATUAL'!$G296*'SALDO ATUAL'!$L296 -> 0 | O13: =IF(L13>=I13,"OK","COMPRAR") -> COMPRAR | P13: =IF(O13="COMPRAR",I13-L13,0) -> 1
A14: 24 | C14: AH BELOTERO BALANCE | D14: PREENCHEDOR | E14: 023 - Mililitro | F14: MERZ | G14: 193.1 | H14: 51 | I14: 30 | J14: =SUMIF(ENTRADAS!B:B,A:A,ENTRADAS!F:F) -> 0 | K14: =SUMIF(SAÍDAS!B:B,A:A,SAÍDAS!F:F) -> 22 | L14: =H14+J14-K14 -> 29 | M14: ='SALDO ATUAL'!$G269*'SALDO ATUAL'!$I269 -> 180.84 | N14: ='SALDO ATUAL'!$G269*'SALDO ATUAL'!$L269 -> 813.78 | O14: =IF(L14>=I14,"OK","COMPRAR") -> COMPRAR | P14: =IF(O14="COMPRAR",I14-L14,0) -> 1
A15: 25 | C15: AH BELOTERO INTENSE | D15: PREENCHEDOR | E15: 023 - Mililitro | F15: MERZ | G15: 210 | H15: 99 | I15: 30 | J15: =SUMIF(ENTRADAS!B:B,A:A,ENTRADAS!F:F) -> 2 | K15: =SUMIF(SAÍDAS!B:B,A:A,SAÍDAS!F:F) -> 34 | L15: =H15+J15-K15 -> 67 | M15: ='SALDO ATUAL'!$G90*'SALDO ATUAL'!$I90 -> 0 | N15: ='SALDO ATUAL'!$G90*'SALDO ATUAL'!$L90 -> 0 | O15: =IF(L15>=I15,"OK","COMPRAR") -> OK | P15: =IF(O15="COMPRAR",I15-L15,0) -> 0
A16: 26 | C16: AH BELOTERO VOLUME | D16: PREENCHEDOR | E16: 023 - Mililitro | F16: MERZ | G16: 437 | H16: 18 | I16: 30
A17: 31 | C17: AH RESTYLANE LYFT LIDO | D17: PREENCHEDOR | H17: 0 | J17: =SUMIF(ENTRADAS!B:B,A:A,ENTRADAS!F:F) -> 0 | K17: =SUMIF(SAÍDAS!B:B,A:A,SAÍDAS!F:F) -> 0 | L17: =H17+J17-K17 -> 0 | M17: ='SALDO ATUAL'!$G49*'SALDO ATUAL'!$I49 -> 0 | N17: ='SALDO ATUAL'!$G49*'SALDO ATUAL'!$L49 -> 0 | O17: =IF(L17>=I17,"OK","COMPRAR") -> OK | P17: =IF(O17="COMPRAR",I17-L17,0) -> 0
A18: 32 | C18: AH RESTYLANE REFYNE | D18: PREENCHEDOR | H18: 0 | J18: =SUMIF(ENTRADAS!B:B,A:A,ENTRADAS!F:F) -> 0 | K18: =SUMIF(SAÍDAS!B:B,A:A,SAÍDAS!F:F) -> 0 | L18: =H18+J18-K18 -> 0 | M18: ='SALDO ATUAL'!$G130*'SALDO ATUAL'!$I130 -> 0 | N18: ='SALDO ATUAL'!$G130*'SALDO ATUAL'!$L130 -> 0 | O18: =IF(L18>=I18,"OK","COMPRAR") -> OK | P18: =IF(O18="COMPRAR",I18-L18,0) -> 0
A19: 33 | C19: AH RESTYLANE SHAYPE | D19: PREENCHEDOR | H19: 0 | J19: =SUMIF(ENTRADAS!B:B,A:A,ENTRADAS!F:F) -> 0 | K19: =SUMIF(SAÍDAS!B:B,A:A,SAÍDAS!F:F) -> 0 | L19: =H19+J19-K19 -> 0 | M19: ='SALDO ATUAL'!$G270*'SALDO ATUAL'!$I270 -> 0 | N19: ='SALDO ATUAL'!$G270*'SALDO ATUAL'!$L270 -> 0 | O19: =IF(L19>=I19,"OK","COMPRAR") -> OK | P19: =IF(O19="COMPRAR",I19-L19,0) -> 0
A20: 34 | C20: AH RESTYLANE SKINBOOSTER VITAL LIGHT LIDOCAINE | D20: PREENCHEDOR | H20: 0 | J20: =SUMIF(ENTRADAS!B:B,A:A,ENTRADAS!F:F) -> 0 | K20: =SUMIF(SAÍDAS!B:B,A:A,SAÍDAS!F:F) -> 0 | L20: =H20+J20-K20 -> 0 | M20: ='SALDO ATUAL'!$G27*'SALDO ATUAL'!$I27 -> 53.54 | N20: ='SALDO ATUAL'!$G27*'SALDO ATUAL'!$L27 -> 53.54 | O20: =IF(L20>=I20,"OK","COMPRAR") -> OK | P20: =IF(O20="COMPRAR",I20-L20,0) -> 0
A21: 35 | C21: AH SOFIDERM SUB-SKIN 20ML | D21: PREENCHEDOR | E21: 023 - Mililitro | F21: AESKINS | G21: 1315.82 | H21: 11 | I21: 20 | J21: =SUMIF(ENTRADAS!B:B,A:A,ENTRADAS!F:F) -> 0 | K21: =SUMIF(SAÍDAS!B:B,A:A,SAÍDAS!F:F) -> 0 | L21: =H21+J21-K21 -> 11 | M21: ='SALDO ATUAL'!$G157*'SALDO ATUAL'!$I157 -> 0 | N21: ='SALDO ATUAL'!$G157*'SALDO ATUAL'!$L157 -> 0 | O21: =IF(L21>=I21,"OK","COMPRAR") -> COMPRAR | P21: =IF(O21="COMPRAR",I21-L21,0) -> 9
A22: 36 | C22: ALCOOL 70% 100ML CINORD | D22: SOLUÇÕES | H22: 0 | J22: =SUMIF(ENTRADAS!B:B,A:A,ENTRADAS!F:F) -> 0 | K22: =SUMIF(SAÍDAS!B:B,A:A,SAÍDAS!F:F) -> 0 | L22: =H22+J22-K22 -> 0 | M22: ='SALDO ATUAL'!$G153*'SALDO ATUAL'!$I153 -> 0 | N22: ='SALDO ATUAL'!$G153*'SALDO ATUAL'!$L153 -> 0 | O22: =IF(L22>=I22,"OK","COMPRAR") -> OK | P22: =IF(O22="COMPRAR",I22-L22,0) -> 0
A23: 37 | C23: ALCOOL 70% 100ML RIALCOOL | D23: SOLUÇÕES | H23: 0 | J23: =SUMIF(ENTRADAS!B:B,A:A,ENTRADAS!F:F) -> 0 | K23: =SUMIF(SAÍDAS!B:B,A:A,SAÍDAS!F:F) -> 0 | L23: =H23+J23-K23 -> 0 | M23: ='SALDO ATUAL'!$G263*'SALDO ATUAL'!$I263 -> 0 | N23: ='SALDO ATUAL'!$G263*'SALDO ATUAL'!$L263 -> 0 | O23: =IF(L23>=I23,"OK","COMPRAR") -> OK | P23: =IF(O23="COMPRAR",I23-L23,0) -> 0
A24: 38 | C24: ALCOOL 70% SEPTPRO 70 | D24: INSUMOS | E24: 023 - Mililitro | F24: SEPTPRO | H24: 5 | I24: 5 | J24: =SUMIF(ENTRADAS!B:B,A:A,ENTRADAS!F:F) -> 15 | K24: =SUMIF(SAÍDAS!B:B,A:A,SAÍDAS!F:F) -> 7 | L24: =H24+J24-K24 -> 13 | M24: ='SALDO ATUAL'!$G100*'SALDO ATUAL'!$I100 -> 0 | N24: ='SALDO ATUAL'!$G100*'SALDO ATUAL'!$L100 -> 0 | O24: =IF(L24>=I24,"OK","COMPRAR") -> OK | P24: =IF(O24="COMPRAR",I24-L24,0) -> 0
A25: 39 | C25: ALCOOL ISOPROPÍLICO 1 LITRO CINORD | D25: SOLUÇÕES | E25: 013 - Frasco | F25: CINORD | G25: 45.5 | H25: 1 | I25: 1 | J25: =SUMIF(ENTRADAS!B:B,A:A,ENTRADAS!F:F) -> 0 | K25: =SUMIF(SAÍDAS!B:B,A:A,SAÍDAS!F:F) -> 0 | L25: =H25+J25-K25 -> 1 | M25: ='SALDO ATUAL'!$G264*'SALDO ATUAL'!$I264 -> 0 | N25: ='SALDO ATUAL'!$G264*'SALDO ATUAL'!$L264 -> 0 | O25: =IF(L25>=I25,"OK","COMPRAR") -> OK | P25: =IF(O25="COMPRAR",I25-L25,0) -> 0
A26: 40 | C26: ALGODÃO QUADRADINHO SUSSEX | D26: MATERIAIS DESCARTÁVEIS E APOIO | E26: 043 - Pacote | F26: SUSSEX | G26: 8.65 | H26: 1 | I26: 2 | J26: =SUMIF(ENTRADAS!B:B,A:A,ENTRADAS!F:F) -> 5 | K26: =SUMIF(SAÍDAS!B:B,A:A,SAÍDAS!F:F) -> 3 | L26: =H26+J26-K26 -> 3 | M26: ='SALDO ATUAL'!$G152*'SALDO ATUAL'!$I152 -> 0 | N26: ='SALDO ATUAL'!$G152*'SALDO ATUAL'!$L152 -> 0 | O26: =IF(L26>=I26,"OK","COMPRAR") -> OK | P26: =IF(O26="COMPRAR",I26-L26,0) -> 0
A27: 41 | C27: ALLEGRA | D27: MEDICAMENTOS | E27: 008 - Comprimido | F27: SANOFI | G27: 53.54 | H27: 1 | I27: 1 | J27: =SUMIF(ENTRADAS!B:B,A:A,ENTRADAS!F:F) -> 0 | K27: =SUMIF(SAÍDAS!B:B,A:A,SAÍDAS!F:F) -> 0 | L27: =H27+J27-K27 -> 1 | M27: ='SALDO ATUAL'!$G148*'SALDO ATUAL'!$I148 -> 0 | N27: ='SALDO ATUAL'!$G148*'SALDO ATUAL'!$L148 -> 0 | O27: =IF(L27>=I27,"OK","COMPRAR") -> OK | P27: =IF(O27="COMPRAR",I27-L27,0) -> 0
A28: 42 | C28: ANESTÉSICO MANIPULADO TETRA E LIDO DERMOFIT | D28: ANESTÉSICO | H28: 0 | J28: =SUMIF(ENTRADAS!B:B,A:A,ENTRADAS!F:F) -> 0 | K28: =SUMIF(SAÍDAS!B:B,A:A,SAÍDAS!F:F) -> 0 | L28: =H28+J28-K28 -> 0 | M28: ='SALDO ATUAL'!$G291*'SALDO ATUAL'!$I291 -> 41.4 | N28: ='SALDO ATUAL'!$G291*'SALDO ATUAL'!$L291 -> 41.4 | O28: =IF(L28>=I28,"OK","COMPRAR") -> OK | P28: =IF(O28="COMPRAR",I28-L28,0) -> 0
A29: 43 | C29: ANESTÉSICO MANIPULADO TETRA E LIDO FARMA ASSIST | D29: ANESTÉSICO | E29: 018 - Grama | F29: FARMA ASSIST | G29: 90.37 | H29: 4 | I29: 2 | J29: =SUMIF(ENTRADAS!B:B,A:A,ENTRADAS!F:F) -> 0 | K29: =SUMIF(SAÍDAS!B:B,A:A,SAÍDAS!F:F) -> 2 | L29: =H29+J29-K29 -> 2 | M29: ='SALDO ATUAL'!$G293*'SALDO ATUAL'!$I293 -> 0 | N29: ='SALDO ATUAL'!$G293*'SALDO ATUAL'!$L293 -> 0 | O29: =IF(L29>=I29,"OK","COMPRAR") -> OK | P29: =IF(O29="COMPRAR",I29-L29,0) -> 0
A30: 44 | C30: APARELHO DE BARBEAR BIC | D30: MATERIAIS DESCARTÁVEIS E APOIO | H30: 0 | J30: =SUMIF(ENTRADAS!B:B,A:A,ENTRADAS!F:F) -> 0 | K30: =SUMIF(SAÍDAS!B:B,A:A,SAÍDAS!F:F) -> 0 | L30: =H30+J30-K30 -> 0 | M30: ='SALDO ATUAL'!$G186*'SALDO ATUAL'!$I186 -> 3425 | N30: ='SALDO ATUAL'!$G186*'SALDO ATUAL'!$L186 -> 7398 | O30: =IF(L30>=I30,"OK","COMPRAR") -> OK | P30: =IF(O30="COMPRAR",I30-L30,0) -> 0
A31: 46 | C31: ATIVO HAIR COCKTAIL | D31: ATIVOS | J31: =SUMIF(ENTRADAS!B:B,A:A,ENTRADAS!F:F) -> 0 | K31: =SUMIF(SAÍDAS!B:B,A:A,SAÍDAS!F:F) -> 0 | L31: =H31+J31-K31 -> 0 | M31: ='SALDO ATUAL'!$G165*'SALDO ATUAL'!$I165 -> 0 | N31: ='SALDO ATUAL'!$G165*'SALDO ATUAL'!$L165 -> 0 | O31: =IF(L31>=I31,"OK","COMPRAR") -> OK | P31: =IF(O31="COMPRAR",I31-L31,0) -> 0
A32: 48 | C32: AVENTAL DESCARTÁVEL PRETO | D32: MATERIAIS DESCARTÁVEIS E APOIO | H32: 1 | J32: =SUMIF(ENTRADAS!B:B,A:A,ENTRADAS!F:F) -> 0 | K32: =SUMIF(SAÍDAS!B:B,A:A,SAÍDAS!F:F) -> 0 | L32: =H32+J32-K32 -> 1 | M32: ='SALDO ATUAL'!$G221*'SALDO ATUAL'!$I221 -> 0 | N32: ='SALDO ATUAL'!$G221*'SALDO ATUAL'!$L221 -> 0 | O32: =IF(L32>=I32,"OK","COMPRAR") -> OK | P32: =IF(O32="COMPRAR",I32-L32,0) -> 0
A33: 49 | C33: BABADOR | D33: MATERIAIS DESCARTÁVEIS E APOIO | E33: 036 - Unidade | F33: SSPLUS | G33: 21.05 | H33: 4 | I33: 2 | J33: =SUMIF(ENTRADAS!B:B,A:A,ENTRADAS!F:F) -> 0 | K33: =SUMIF(SAÍDAS!B:B,A:A,SAÍDAS!F:F) -> 1 | L33: =H33+J33-K33 -> 3 | M33: ='SALDO ATUAL'!$G155*'SALDO ATUAL'!$I155 -> 0 | N33: ='SALDO ATUAL'!$G155*'SALDO ATUAL'!$L155 -> 0 | O33: =IF(L33>=I33,"OK","COMPRAR") -> OK | P33: =IF(O33="COMPRAR",I33-L33,0) -> 0
A34: 50 | C34: BÁLSAMO DE LIMPEZA FACIAL OLERA | D34: DERMOCOSMÉTICO E COSMÉTICO | E34: 013 - Frasco | F34: OLERA | G34: 127 | H34: 35 | I34: 10 | J34: =SUMIF(ENTRADAS!B:B,A:A,ENTRADAS!F:F) -> 0 | K34: =SUMIF(SAÍDAS!B:B,A:A,SAÍDAS!F:F) -> 22 | L34: =H34+J34-K34 -> 13 | M34: ='SALDO ATUAL'!$G47*'SALDO ATUAL'!$I47 -> 15.65 | N34: ='SALDO ATUAL'!$G47*'SALDO ATUAL'!$L47 -> 25.04 | O34: =IF(L34>=I34,"OK","COMPRAR") -> OK | P34: =IF(O34="COMPRAR",I34-L34,0) -> 0
A35: 51 | C35: BETA CALM MÁSCARA PÓS PROCEDIMENTO ADCOS | D35: DERMOCOSMÉTICO E COSMÉTICO | E35: 018 - Grama | F35: ADCOS | G35: 117.18 | H35: 1 | I35: 1 | J35: =SUMIF(ENTRADAS!B:B,A:A,ENTRADAS!F:F) -> 0 | K35: =SUMIF(SAÍDAS!B:B,A:A,SAÍDAS!F:F) -> 1 | L35: =H35+J35-K35 -> 0 | M35: ='SALDO ATUAL'!$G46*'SALDO ATUAL'!$I46 -> 15.65 | N35: ='SALDO ATUAL'!$G46*'SALDO ATUAL'!$L46 -> 21.91 | O35: =IF(L35>=I35,"OK","COMPRAR") -> COMPRAR | P35: =IF(O35="COMPRAR",I35-L35,0) -> 1
A36: 52 | C36: BICARBONATO DE SÓDIO EM PÓ NEEDS | D36: INSUMOS | E36: 0 | F36: 0 | G36: 0 | H36: 0 | I36: 0 | J36: =SUMIF(ENTRADAS!B:B,A:A,ENTRADAS!F:F) -> 0 | K36: =SUMIF(SAÍDAS!B:B,A:A,SAÍDAS!F:F) -> 0 | L36: =H36+J36-K36 -> 0 | M36: ='SALDO ATUAL'!$G95*'SALDO ATUAL'!$I95 -> 0 | N36: ='SALDO ATUAL'!$G95*'SALDO ATUAL'!$L95 -> 0 | O36: =IF(L36>=I36,"OK","COMPRAR") -> OK | P36: =IF(O36="COMPRAR",I36-L36,0) -> 0
A37: 53 | C37: BICARBONATO DE SÓDIO SAMTEC | D37: SOLUÇÕES | E37: 0 | F37: 0 | G37: 0 | H37: 0 | I37: 0 | J37: =SUMIF(ENTRADAS!B:B,A:A,ENTRADAS!F:F) -> 0 | K37: =SUMIF(SAÍDAS!B:B,A:A,SAÍDAS!F:F) -> 0 | L37: =H37+J37-K37 -> 0 | M37: ='SALDO ATUAL'!$G267*'SALDO ATUAL'!$I267 -> 0 | N37: ='SALDO ATUAL'!$G267*'SALDO ATUAL'!$L267 -> 0 | O37: =IF(L37>=I37,"OK","COMPRAR") -> OK | P37: =IF(O37="COMPRAR",I37-L37,0) -> 0
A38: 54 | C38: BIOESTIMULADOR DIAMOND | D38: BIOESTIMULADORES | E38: 0 | F38: 0 | G38: 0 | H38: 0 | I38: 0 | J38: =SUMIF(ENTRADAS!B:B,A:A,ENTRADAS!F:F) -> 0 | K38: =SUMIF(SAÍDAS!B:B,A:A,SAÍDAS!F:F) -> 0 | L38: =H38+J38-K38 -> 0 | M38: ='SALDO ATUAL'!$G199*'SALDO ATUAL'!$I199 -> 0 | N38: ='SALDO ATUAL'!$G199*'SALDO ATUAL'!$L199 -> 0 | O38: =IF(L38>=I38,"OK","COMPRAR") -> OK | P38: =IF(O38="COMPRAR",I38-L38,0) -> 0
A39: 55 | C39: BIOESTIMULADOR ELLEVA 210MG RENNOVA | D39: BIOESTIMULADORES | E39: 0 | F39: 0 | G39: 0 | H39: 0 | I39: 0 | J39: =SUMIF(ENTRADAS!B:B,A:A,ENTRADAS!F:F) -> 0 | K39: =SUMIF(SAÍDAS!B:B,A:A,SAÍDAS!F:F) -> 0 | L39: =H39+J39-K39 -> 0 | M39: ='SALDO ATUAL'!$G145*'SALDO ATUAL'!$I145 -> 0 | N39: ='SALDO ATUAL'!$G145*'SALDO ATUAL'!$L145 -> 0 | O39: =IF(L39>=I39,"OK","COMPRAR") -> OK | P39: =IF(O39="COMPRAR",I39-L39,0) -> 0
A40: 56 | C40: BIOESTIMULADOR ELLEVA X RENNOVA | D40: BIOESTIMULADORES | E40: 0 | F40: 0 | G40: 0 | H40: 0 | I40: 0 | J40: =SUMIF(ENTRADAS!B:B,A:A,ENTRADAS!F:F) -> 0 | K40: =SUMIF(SAÍDAS!B:B,A:A,SAÍDAS!F:F) -> 0 | L40: =H40+J40-K40 -> 0 | M40: ='SALDO ATUAL'!$G146*'SALDO ATUAL'!$I146 -> 0 | N40: ='SALDO ATUAL'!$G146*'SALDO ATUAL'!$L146 -> 0 | O40: =IF(L40>=I40,"OK","COMPRAR") -> OK | P40: =IF(O40="COMPRAR",I40-L40,0) -> 0
A41: 57 | C41: BIOESTIMULADOR HARMONYCA | D41: BIOESTIMULADORES | E41: 0 | F41: 0 | G41: 0 | H41: 0 | I41: 0 | J41: =SUMIF(ENTRADAS!B:B,A:A,ENTRADAS!F:F) -> 0 | K41: =SUMIF(SAÍDAS!B:B,A:A,SAÍDAS!F:F) -> 0 | L41: =H41+J41-K41 -> 0 | M41: ='SALDO ATUAL'!$G197*'SALDO ATUAL'!$I197 -> 0 | N41: ='SALDO ATUAL'!$G197*'SALDO ATUAL'!$L197 -> 0 | O41: =IF(L41>=I41,"OK","COMPRAR") -> OK | P41: =IF(O41="COMPRAR",I41-L41,0) -> 0
A42: 58 | C42: BIOESTIMULADOR RADIESSE | D42: BIOESTIMULADORES | E42: 023 - Mililitro | F42: MERZ | G42: 1086 | H42: 48 | I42: 20 | J42: =SUMIF(ENTRADAS!B:B,A:A,ENTRADAS!F:F) -> 0 | K42: =SUMIF(SAÍDAS!B:B,A:A,SAÍDAS!F:F) -> 6 | L42: =H42+J42-K42 -> 42 | M42: ='SALDO ATUAL'!$G149*'SALDO ATUAL'!$I149 -> 0 | N42: ='SALDO ATUAL'!$G149*'SALDO ATUAL'!$L149 -> 0 | O42: =IF(L42>=I42,"OK","COMPRAR") -> OK | P42: =IF(O42="COMPRAR",I42-L42,0) -> 0
A43: 60 | C43: BIOESTIMULADOR SCULPTRA | D43: BIOESTIMULADORES | E43: 0 | F43: 0 | G43: 0 | H43: 0 | I43: 0 | J43: =SUMIF(ENTRADAS!B:B,A:A,ENTRADAS!F:F) -> 0 | K43: =SUMIF(SAÍDAS!B:B,A:A,SAÍDAS!F:F) -> 0 | L43: =H43+J43-K43 -> 0 | M43: ='SALDO ATUAL'!$G198*'SALDO ATUAL'!$I198 -> 0 | N43: ='SALDO ATUAL'!$G198*'SALDO ATUAL'!$L198 -> 0 | O43: =IF(L43>=I43,"OK","COMPRAR") -> OK | P43: =IF(O43="COMPRAR",I43-L43,0) -> 0
A44: 62 | C44: BIOTINA HEALTH TECH | D44: ATIVOS | E44: 0 | F44: 0 | G44: 0 | H44: 0 | I44: 0 | J44: =SUMIF(ENTRADAS!B:B,A:A,ENTRADAS!F:F) -> 0 | K44: =SUMIF(SAÍDAS!B:B,A:A,SAÍDAS!F:F) -> 0 | L44: =H44+J44-K44 -> 0 | M44: ='SALDO ATUAL'!$G252*'SALDO ATUAL'!$I252 -> 0 | N44: ='SALDO ATUAL'!$G252*'SALDO ATUAL'!$L252 -> 0 | O44: =IF(L44>=I44,"OK","COMPRAR") -> OK | P44: =IF(O44="COMPRAR",I44-L44,0) -> 0
A45: 63 | C45: BIOTINA OPTIMUS | D45: INJETAVEL | E45: 001 - Ampola | F45: OPTIMUS | G45: 42.3 | H45: 20 | I45: 4 | J45: =SUMIF(ENTRADAS!B:B,A:A,ENTRADAS!F:F) -> 0 | K45: =SUMIF(SAÍDAS!B:B,A:A,SAÍDAS!F:F) -> 4 | L45: =H45+J45-K45 -> 16 | M45: ='SALDO ATUAL'!$G109*'SALDO ATUAL'!$I109 -> 0 | N45: ='SALDO ATUAL'!$G109*'SALDO ATUAL'!$L109 -> 0 | O45: =IF(L45>=I45,"OK","COMPRAR") -> OK | P45: =IF(O45="COMPRAR",I45-L45,0) -> 0
A46: 65 | C46: CAMPO CIRURGICO ESTÉRIL FENESTRADO POLARFIX | D46: MATERIAIS DESCARTÁVEIS E APOIO | E46: 036 - Unidade | F46: POLARFIX | G46: 3.13 | H46: 7 | I46: 5 | J46: =SUMIF(ENTRADAS!B:B,A:A,ENTRADAS!F:F) -> 0 | K46: =SUMIF(SAÍDAS!B:B,A:A,SAÍDAS!F:F) -> 0 | L46: =H46+J46-K46 -> 7 | M46: ='SALDO ATUAL'!$G174*'SALDO ATUAL'!$I174 -> 0 | N46: ='SALDO ATUAL'!$G174*'SALDO ATUAL'!$L174 -> 0 | O46: =IF(L46>=I46,"OK","COMPRAR") -> OK | P46: =IF(O46="COMPRAR",I46-L46,0) -> 0
A47: 66 | C47: CAMPO CIRURGICO ESTÉRIL NÃO FENESTRADO POLARFIX | D47: MATERIAIS DESCARTÁVEIS E APOIO | E47: 036 - Unidade | F47: POLARFIX | G47: 3.13 | H47: 8 | I47: 5 | J47: =SUMIF(ENTRADAS!B:B,A:A,ENTRADAS!F:F) -> 0 | K47: =SUMIF(SAÍDAS!B:B,A:A,SAÍDAS!F:F) -> 0 | L47: =H47+J47-K47 -> 8 | M47: ='SALDO ATUAL'!$G175*'SALDO ATUAL'!$I175 -> 0 | N47: ='SALDO ATUAL'!$G175*'SALDO ATUAL'!$L175 -> 0 | O47: =IF(L47>=I47,"OK","COMPRAR") -> OK | P47: =IF(O47="COMPRAR",I47-L47,0) -> 0
A48: 67 | C48: CANULA 18G - 70MM AESKINS | D48: MATERIAIS DESCARTÁVEIS E APOIO | E48: 036 - Unidade | F48: AESKINS | H48: 2 | I48: 2
A49: 68 | C49: CANULA 18G DRA CALU | D49: CANULAS | H49: 0 | J49: =SUMIF(ENTRADAS!B:B,A:A,ENTRADAS!F:F) -> 0 | K49: =SUMIF(SAÍDAS!B:B,A:A,SAÍDAS!F:F) -> 0 | L49: =H49+J49-K49 -> 0 | M49: ='SALDO ATUAL'!$G141*'SALDO ATUAL'!$I141 -> 720 | N49: ='SALDO ATUAL'!$G141*'SALDO ATUAL'!$L141 -> 1980 | O49: =IF(L49>=I49,"OK","COMPRAR") -> OK | P49: =IF(O49="COMPRAR",I49-L49,0) -> 0
A50: 69 | C50: CANULA 22G - 50 MM 70x50 SMART GR | D50: CANULAS | H50: 0 | J50: =SUMIF(ENTRADAS!B:B,A:A,ENTRADAS!F:F) -> 0 | K50: =SUMIF(SAÍDAS!B:B,A:A,SAÍDAS!F:F) -> 0 | L50: =H50+J50-K50 -> 0 | M50: ='SALDO ATUAL'!$G142*'SALDO ATUAL'!$I142 -> 0 | N50: ='SALDO ATUAL'!$G142*'SALDO ATUAL'!$L142 -> 0 | O50: =IF(L50>=I50,"OK","COMPRAR") -> OK | P50: =IF(O50="COMPRAR",I50-L50,0) -> 0
A51: 70 | C51: CANULA 22G - 70 MM 70x70 SMART GR | D51: CANULAS | H51: 0 | J51: =SUMIF(ENTRADAS!B:B,A:A,ENTRADAS!F:F) -> 0 | K51: =SUMIF(SAÍDAS!B:B,A:A,SAÍDAS!F:F) -> 0 | L51: =H51+J51-K51 -> 0 | M51: ='SALDO ATUAL'!$G140*'SALDO ATUAL'!$I140 -> 1292.7 | N51: ='SALDO ATUAL'!$G140*'SALDO ATUAL'!$L140 -> 1292.7 | O51: =IF(L51>=I51,"OK","COMPRAR") -> OK | P51: =IF(O51="COMPRAR",I51-L51,0) -> 0
A52: 71 | C52: CANULA 22G - 70MM UNIQMED | D52: CANULAS | H52: 0 | J52: =SUMIF(ENTRADAS!B:B,A:A,ENTRADAS!F:F) -> 0 | K52: =SUMIF(SAÍDAS!B:B,A:A,SAÍDAS!F:F) -> 0 | L52: =H52+J52-K52 -> 0 | M52: ='SALDO ATUAL'!$G132*'SALDO ATUAL'!$I132 -> 0 | N52: ='SALDO ATUAL'!$G132*'SALDO ATUAL'!$L132 -> 0 | O52: =IF(L52>=I52,"OK","COMPRAR") -> OK | P52: =IF(O52="COMPRAR",I52-L52,0) -> 0
A53: 72 | C53: CANULA 22G 50MM - 0,7x50 FABINJECT | D53: CANULAS | E53: 036 - Unidade | F53: FABINJECT | G53: 13.99 | H53: 5 | I53: 3
A54: 73 | C54: CANULA 25G 50MM x 50MM FABINJECT | D54: CANULAS | E54: 036 - Unidade | F54: FABINJECT | G54: 13.99 | H54: 6 | I54: 3 | J54: =SUMIF(ENTRADAS!B:B,A:A,ENTRADAS!F:F) -> 0 | K54: =SUMIF(SAÍDAS!B:B,A:A,SAÍDAS!F:F) -> 2 | L54: =H54+J54-K54 -> 4 | M54: ='SALDO ATUAL'!$G133*'SALDO ATUAL'!$I133 -> 0 | N54: ='SALDO ATUAL'!$G133*'SALDO ATUAL'!$L133 -> 0 | O54: =IF(L54>=I54,"OK","COMPRAR") -> OK | P54: =IF(O54="COMPRAR",I54-L54,0) -> 0
A55: 74 | C55: CANULA 27G - 40MM UNIQMED | D55: CANULAS | H55: 0 | J55: =SUMIF(ENTRADAS!B:B,A:A,ENTRADAS!F:F) -> 0 | K55: =SUMIF(SAÍDAS!B:B,A:A,SAÍDAS!F:F) -> 0 | L55: =H55+J55-K55 -> 0 | M55: ='SALDO ATUAL'!$G195*'SALDO ATUAL'!$I195 -> 0 | N55: ='SALDO ATUAL'!$G195*'SALDO ATUAL'!$L195 -> 0 | O55: =IF(L55>=I55,"OK","COMPRAR") -> OK | P55: =IF(O55="COMPRAR",I55-L55,0) -> 0
A56: 75 | C56: CANULA 27G 50MM SMART GR | D56: CANULAS | H56: 0 | J56: =SUMIF(ENTRADAS!B:B,A:A,ENTRADAS!F:F) -> 0 | K56: =SUMIF(SAÍDAS!B:B,A:A,SAÍDAS!F:F) -> 0 | L56: =H56+J56-K56 -> 0 | M56: ='SALDO ATUAL'!$G134*'SALDO ATUAL'!$I134 -> 0 | N56: ='SALDO ATUAL'!$G134*'SALDO ATUAL'!$L134 -> 0 | O56: =IF(L56>=I56,"OK","COMPRAR") -> OK | P56: =IF(O56="COMPRAR",I56-L56,0) -> 0
A57: 76 | C57: CANULA D3 - 18G X 100MM TAB | D57: CANULAS | H57: 0 | J57: =SUMIF(ENTRADAS!B:B,A:A,ENTRADAS!F:F) -> 0 | K57: =SUMIF(SAÍDAS!B:B,A:A,SAÍDAS!F:F) -> 0 | L57: =H57+J57-K57 -> 0 | M57: ='SALDO ATUAL'!$G136*'SALDO ATUAL'!$I136 -> 0 | N57: ='SALDO ATUAL'!$G136*'SALDO ATUAL'!$L136 -> 0 | O57: =IF(L57>=I57,"OK","COMPRAR") -> OK | P57: =IF(O57="COMPRAR",I57-L57,0) -> 0
A58: 78 | C58: CLARINFUSION CLAREADOR INTEGRAL ADCOS | D58: DERMOCOSMÉTICO E COSMÉTICO | H58: 0 | J58: =SUMIF(ENTRADAS!B:B,A:A,ENTRADAS!F:F) -> 0 | K58: =SUMIF(SAÍDAS!B:B,A:A,SAÍDAS!F:F) -> 0 | L58: =H58+J58-K58 -> 0 | M58: ='SALDO ATUAL'!$G32*'SALDO ATUAL'!$I32 -> 0 | N58: ='SALDO ATUAL'!$G32*'SALDO ATUAL'!$L32 -> 0 | O58: =IF(L58>=I58,"OK","COMPRAR") -> OK | P58: =IF(O58="COMPRAR",I58-L58,0) -> 0
A59: 79 | C59: CLOB-X | D59: MEDICAMENTOS | E59: 003 - Bisnaga | F59: GALDERMA | G59: 50.6 | H59: 0 | J59: =SUMIF(ENTRADAS!B:B,A:A,ENTRADAS!F:F) -> 0 | K59: =SUMIF(SAÍDAS!B:B,A:A,SAÍDAS!F:F) -> 0 | L59: =H59+J59-K59 -> 0 | M59: ='SALDO ATUAL'!$G128*'SALDO ATUAL'!$I128 -> 0 | N59: ='SALDO ATUAL'!$G128*'SALDO ATUAL'!$L128 -> 0 | O59: =IF(L59>=I59,"OK","COMPRAR") -> OK | P59: =IF(O59="COMPRAR",I59-L59,0) -> 0
A60: 80 | C60: CLORETO DE MAGNESIO OPTMUS | D60: ATIVOS | E60: 001- Ampola | F60: OPTIMUS | H60: 2 | I60: 4 | J60: =SUMIF(ENTRADAS!B:B,A:A,ENTRADAS!F:F) -> 6 | K60: =SUMIF(SAÍDAS!B:B,A:A,SAÍDAS!F:F) -> 5 | L60: =H60+J60-K60 -> 3 | M60: ='SALDO ATUAL'!$G276*'SALDO ATUAL'!$I276 -> 0 | N60: ='SALDO ATUAL'!$G276*'SALDO ATUAL'!$L276 -> 0 | O60: =IF(L60>=I60,"OK","COMPRAR") -> COMPRAR | P60: =IF(O60="COMPRAR",I60-L60,0) -> 1
A61: 81 | C61: CLOREX 2% DEGERMANTE RIOHEX | D61: SOLUÇÕES | E61: 023 - Mililitro | F61: RIOHEX | G61: 5.95 | H61: 6 | I61: 4 | J61: =SUMIF(ENTRADAS!B:B,A:A,ENTRADAS!F:F) -> 0 | K61: =SUMIF(SAÍDAS!B:B,A:A,SAÍDAS!F:F) -> 0 | L61: =H61+J61-K61 -> 6 | M61: ='SALDO ATUAL'!$G167*'SALDO ATUAL'!$I167 -> 0 | N61: ='SALDO ATUAL'!$G167*'SALDO ATUAL'!$L167 -> 0 | O61: =IF(L61>=I61,"OK","COMPRAR") -> OK | P61: =IF(O61="COMPRAR",I61-L61,0) -> 0
A62: 82 | C62: CLOREX ALCOOLICA 0,5% 100ML RIOHEX | D62: SOLUÇÕES | E62: 023 - Mililitro | F62: RIOHEX | G62: 4.95 | H62: 24 | I62: 10 | J62: =SUMIF(ENTRADAS!B:B,A:A,ENTRADAS!F:F) -> 0 | K62: =SUMIF(SAÍDAS!B:B,A:A,SAÍDAS!F:F) -> 0 | L62: =H62+J62-K62 -> 24 | M62: ='SALDO ATUAL'!$G22*'SALDO ATUAL'!$I22 -> 0 | N62: ='SALDO ATUAL'!$G22*'SALDO ATUAL'!$L22 -> 0 | O62: =IF(L62>=I62,"OK","COMPRAR") -> OK | P62: =IF(O62="COMPRAR",I62-L62,0) -> 0
A63: 83 | C63: CLOREX AQUOSO 0,2% 100ML RIOHEX | D63: SOLUÇÕES | E63: 023 - Mililitro | F63: RIOHEX | G63: 3.25 | H63: 16 | I63: 10 | J63: =SUMIF(ENTRADAS!B:B,A:A,ENTRADAS!F:F) -> 0 | K63: =SUMIF(SAÍDAS!B:B,A:A,SAÍDAS!F:F) -> 8 | L63: =H63+J63-K63 -> 8 | M63: ='SALDO ATUAL'!$G191*'SALDO ATUAL'!$I191 -> 0 | N63: ='SALDO ATUAL'!$G191*'SALDO ATUAL'!$L191 -> 0 | O63: =IF(L63>=I63,"OK","COMPRAR") -> COMPRAR | P63: =IF(O63="COMPRAR",I63-L63,0) -> 2
A64: 84 | C64: COLETOR PERFUROCORTANTE 3L DESCARPACK | D64: MATERIAIS DESCARTÁVEIS E APOIO | E64: 036 - Unidade | F64: DESCARPACK | G64: 9.98 | H64: 8 | I64: 10 | J64: =SUMIF(ENTRADAS!B:B,A:A,ENTRADAS!F:F) -> 10 | K64: =SUMIF(SAÍDAS!B:B,A:A,SAÍDAS!F:F) -> 7 | L64: =H64+J64-K64 -> 11 | M64: ='SALDO ATUAL'!$G161*'SALDO ATUAL'!$I161 -> 0 | N64: ='SALDO ATUAL'!$G161*'SALDO ATUAL'!$L161 -> 0 | O64: =IF(L64>=I64,"OK","COMPRAR") -> OK | P64: =IF(O64="COMPRAR",I64-L64,0) -> 0
A65: 85 | C65: COLINA OPTIMUS | D65: ATIVOS | E65: 001- Ampola | F65: OPTIMUS | G65: 226.5 | H65: 7 | I65: 4 | J65: =SUMIF(ENTRADAS!B:B,A:A,ENTRADAS!F:F) -> 0 | K65: =SUMIF(SAÍDAS!B:B,A:A,SAÍDAS!F:F) -> 3 | L65: =H65+J65-K65 -> 4 | M65: ='SALDO ATUAL'!$G285*'SALDO ATUAL'!$I285 -> 46.56 | N65: ='SALDO ATUAL'!$G285*'SALDO ATUAL'!$L285 -> 744.96 | O65: =IF(L65>=I65,"OK","COMPRAR") -> OK | P65: =IF(O65="COMPRAR",I65-L65,0) -> 0
A66: 86 | C66: COLÍRIO ANESTÉSICO NEUVYE | D66: ANESTÉSICO | J66: =SUMIF(ENTRADAS!B:B,A:A,ENTRADAS!F:F) -> 0 | K66: =SUMIF(SAÍDAS!B:B,A:A,SAÍDAS!F:F) -> 0 | L66: =H66+J66-K66 -> 0 | M66: ='SALDO ATUAL'!$G294*'SALDO ATUAL'!$I294 -> 0 | N66: ='SALDO ATUAL'!$G294*'SALDO ATUAL'!$L294 -> 0 | O66: =IF(L66>=I66,"OK","COMPRAR") -> OK | P66: =IF(O66="COMPRAR",I66-L66,0) -> 0
A67: 87 | C67: COMPLEXO VITAMÍNICO CENTRO PAULISTA | D67: ATIVOS | H67: 0 | J67: =SUMIF(ENTRADAS!B:B,A:A,ENTRADAS!F:F) -> 0 | K67: =SUMIF(SAÍDAS!B:B,A:A,SAÍDAS!F:F) -> 0 | L67: =H67+J67-K67 -> 0 | M67: ='SALDO ATUAL'!$G253*'SALDO ATUAL'!$I253 -> 0 | N67: ='SALDO ATUAL'!$G253*'SALDO ATUAL'!$L253 -> 0 | O67: =IF(L67>=I67,"OK","COMPRAR") -> OK | P67: =IF(O67="COMPRAR",I67-L67,0) -> 0
A68: 88 | C68: COMPRESSA GAZE 13 FIOS C/ 500 UNID CLEAN | D68: MATERIAIS DESCARTÁVEIS E APOIO | H68: 0 | J68: =SUMIF(ENTRADAS!B:B,A:A,ENTRADAS!F:F) -> 0 | K68: =SUMIF(SAÍDAS!B:B,A:A,SAÍDAS!F:F) -> 0 | L68: =H68+J68-K68 -> 0 | M68: ='SALDO ATUAL'!$G245*'SALDO ATUAL'!$I245 -> 0 | N68: ='SALDO ATUAL'!$G245*'SALDO ATUAL'!$L245 -> 0 | O68: =IF(L68>=I68,"OK","COMPRAR") -> OK | P68: =IF(O68="COMPRAR",I68-L68,0) -> 0
A69: 89 | C69: COMPRESSA GAZE 13 FIOS C/ 500 UNID MEDI HOUSE | D69: MATERIAIS DESCARTÁVEIS E APOIO | E69: 036 - Unidade | F69: MEDI HOUSE | G69: 55 | H69: 9 | I69: 7 | J69: =SUMIF(ENTRADAS!B:B,A:A,ENTRADAS!F:F) -> 3 | K69: =SUMIF(SAÍDAS!B:B,A:A,SAÍDAS!F:F) -> 7 | L69: =H69+J69-K69 -> 5 | M69: ='SALDO ATUAL'!$G250*'SALDO ATUAL'!$I250 -> 129.6 | N69: ='SALDO ATUAL'!$G250*'SALDO ATUAL'!$L250 -> 367.2 | O69: =IF(L69>=I69,"OK","COMPRAR") -> COMPRAR | P69: =IF(O69="COMPRAR",I69-L69,0) -> 2
A70: 90 | C70: COMPRESSA GAZE 13 FIOS C/ 500 UNID ULTRACOTTON | D70: MATERIAIS DESCARTÁVEIS E APOIO | H70: 0 | J70: =SUMIF(ENTRADAS!B:B,A:A,ENTRADAS!F:F) -> 0 | K70: =SUMIF(SAÍDAS!B:B,A:A,SAÍDAS!F:F) -> 0 | L70: =H70+J70-K70 -> 0 | M70: ='SALDO ATUAL'!$G160*'SALDO ATUAL'!$I160 -> 0 | N70: ='SALDO ATUAL'!$G160*'SALDO ATUAL'!$L160 -> 0 | O70: =IF(L70>=I70,"OK","COMPRAR") -> OK | P70: =IF(O70="COMPRAR",I70-L70,0) -> 0
A71: 91 | C71: CONECTOR LUER LOCK | D71: MATERIAIS DESCARTÁVEIS E APOIO | E71: 036 - Unidade | F71: SMD | H71: 120 | I71: 20 | J71: =SUMIF(ENTRADAS!B:B,A:A,ENTRADAS!F:F) -> 0 | K71: =SUMIF(SAÍDAS!B:B,A:A,SAÍDAS!F:F) -> 0 | L71: =H71+J71-K71 -> 120 | M71: ='SALDO ATUAL'!$G177*'SALDO ATUAL'!$I177 -> 0 | N71: ='SALDO ATUAL'!$G177*'SALDO ATUAL'!$L177 -> 0 | O71: =IF(L71>=I71,"OK","COMPRAR") -> OK | P71: =IF(O71="COMPRAR",I71-L71,0) -> 0
A72: 93 | C72: COTONETES CREMER | D72: MATERIAIS DESCARTÁVEIS E APOIO | E72: 036 - Unidade | F72: CREMER | H72: 1 | I72: 2 | J72: =SUMIF(ENTRADAS!B:B,A:A,ENTRADAS!F:F) -> 0 | K72: =SUMIF(SAÍDAS!B:B,A:A,SAÍDAS!F:F) -> 1 | L72: =H72+J72-K72 -> 0 | M72: ='SALDO ATUAL'!$G163*'SALDO ATUAL'!$I163 -> 0 | N72: ='SALDO ATUAL'!$G163*'SALDO ATUAL'!$L163 -> 0 | O72: =IF(L72>=I72,"OK","COMPRAR") -> COMPRAR | P72: =IF(O72="COMPRAR",I72-L72,0) -> 2
A73: 94 | C73: CREME 1 CALMANTE IMEDIATO INC BEAUTY | D73: MANIPULADOS | E73: 018 - Grama | F73: FARMA ASSIST | G73: 200 | H73: 40 | I73: 20 | J73: =SUMIF(ENTRADAS!B:B,A:A,ENTRADAS!F:F) -> 0 | K73: =SUMIF(SAÍDAS!B:B,A:A,SAÍDAS!F:F) -> 13 | L73: =H73+J73-K73 -> 27 | M73: ='SALDO ATUAL'!$G61*'SALDO ATUAL'!$I61 -> 23.8 | N73: ='SALDO ATUAL'!$G61*'SALDO ATUAL'!$L61 -> 35.7 | O73: =IF(L73>=I73,"OK","COMPRAR") -> OK | P73: =IF(O73="COMPRAR",I73-L73,0) -> 0
A74: 95 | C74: CREME 3 CLAREADOR MANUTENÇÃO INC BEAUTY | D74: MANIPULADOS | E74: 018 - Grama | F74: FARMA ASSIST | G74: 60 | H74: 27 | I74: 20 | J74: =SUMIF(ENTRADAS!B:B,A:A,ENTRADAS!F:F) -> 0 | K74: =SUMIF(SAÍDAS!B:B,A:A,SAÍDAS!F:F) -> 9 | L74: =H74+J74-K74 -> 18 | M74: ='SALDO ATUAL'!$G58*'SALDO ATUAL'!$I58 -> 0 | N74: ='SALDO ATUAL'!$G58*'SALDO ATUAL'!$L58 -> 0 | O74: =IF(L74>=I74,"OK","COMPRAR") -> COMPRAR | P74: =IF(O74="COMPRAR",I74-L74,0) -> 2
A75: 95 | C75: CREME 2 CLAREADOR INTENSO INC BEAUTY | D75: MANIPULADOS | E75: 018 - Grama | F75: FARMA ASSIST | G75: 200 | H75: 30 | I75: 20 | J75: =SUMIF(ENTRADAS!B:B,A:A,ENTRADAS!F:F) -> 0 | K75: =SUMIF(SAÍDAS!B:B,A:A,SAÍDAS!F:F) -> 9 | L75: =H75+J75-K75 -> 21 | M75: ='SALDO ATUAL'!$G60*'SALDO ATUAL'!$I60 -> 0 | N75: ='SALDO ATUAL'!$G60*'SALDO ATUAL'!$L60 -> 0 | O75: =IF(L75>=I75,"OK","COMPRAR") -> OK | P75: =IF(O75="COMPRAR",I75-L75,0) -> 0
A76: 96 | C76: CREME CALMANTE NIACINAMIDA INC BEAUTY | D76: MANIPULADOS | E76: 018 - Grama | F76: FARMA ASSIST | G76: 50 | H76: 25 | I76: 15 | J76: =SUMIF(ENTRADAS!B:B,A:A,ENTRADAS!F:F) -> 15 | K76: =SUMIF(SAÍDAS!B:B,A:A,SAÍDAS!F:F) -> 34 | L76: =H76+J76-K76 -> 6 | M76: ='SALDO ATUAL'!$G30*'SALDO ATUAL'!$I30 -> 0 | N76: ='SALDO ATUAL'!$G30*'SALDO ATUAL'!$L30 -> 0 | O76: =IF(L76>=I76,"OK","COMPRAR") -> COMPRAR | P76: =IF(O76="COMPRAR",I76-L76,0) -> 9
A77: 97 | C77: CREME CICABIO BIODERMA | D77: DERMOCOSMÉTICO E COSMÉTICO | H77: 0 | J77: =SUMIF(ENTRADAS!B:B,A:A,ENTRADAS!F:F) -> 0 | K77: =SUMIF(SAÍDAS!B:B,A:A,SAÍDAS!F:F) -> 0 | L77: =H77+J77-K77 -> 0 | M77: ='SALDO ATUAL'!$G13*'SALDO ATUAL'!$I13 -> 21.74 | N77: ='SALDO ATUAL'!$G13*'SALDO ATUAL'!$L13 -> 10.87 | O77: =IF(L77>=I77,"OK","COMPRAR") -> OK | P77: =IF(O77="COMPRAR",I77-L77,0) -> 0
A78: 98 | C78: CREME COM NUTRI OMEGA + ASSOCIAÇÕES INC BEAUTY | D78: MANIPULADOS | E78: 018 - Grama | F78: FARMA ASSIST | G78: 83 | H78: 4 | J78: =SUMIF(ENTRADAS!B:B,A:A,ENTRADAS!F:F) -> 1 | K78: =SUMIF(SAÍDAS!B:B,A:A,SAÍDAS!F:F) -> 6 | L78: =H78+J78-K78 -> -1 | M78: ='SALDO ATUAL'!$G37*'SALDO ATUAL'!$I37 -> 0 | N78: ='SALDO ATUAL'!$G37*'SALDO ATUAL'!$L37 -> 0 | O78: =IF(L78>=I78,"OK","COMPRAR") -> COMPRAR | P78: =IF(O78="COMPRAR",I78-L78,0) -> 1
A79: 99 | C79: CREME EMOLIENTE DC ADCOS | D79: DERMOCOSMÉTICO E COSMÉTICO | E79: 018 - Grama | F79: ADCOS | G79: 104.78 | H79: 1 | I79: 1 | J79: =SUMIF(ENTRADAS!B:B,A:A,ENTRADAS!F:F) -> 0 | K79: =SUMIF(SAÍDAS!B:B,A:A,SAÍDAS!F:F) -> 1 | L79: =H79+J79-K79 -> 0 | M79: ='SALDO ATUAL'!$G38*'SALDO ATUAL'!$I38 -> 0 | N79: ='SALDO ATUAL'!$G38*'SALDO ATUAL'!$L38 -> 0 | O79: =IF(L79>=I79,"OK","COMPRAR") -> COMPRAR | P79: =IF(O79="COMPRAR",I79-L79,0) -> 1
A80: 100 | C80: CREME HIDRAMAIS DRENAGEM LINFÁTICA | D80: DERMOCOSMÉTICO E COSMÉTICO | E80: 030 - Quilograma | F80: HIDRAMAIS | H80: 0 | J80: =SUMIF(ENTRADAS!B:B,A:A,ENTRADAS!F:F) -> 0 | K80: =SUMIF(SAÍDAS!B:B,A:A,SAÍDAS!F:F) -> 0 | L80: =H80+J80-K80 -> 0 | M80: ='SALDO ATUAL'!$G14*'SALDO ATUAL'!$I14 -> 5793 | N80: ='SALDO ATUAL'!$G14*'SALDO ATUAL'!$L14 -> 5599.9 | O80: =IF(L80>=I80,"OK","COMPRAR") -> OK | P80: =IF(O80="COMPRAR",I80-L80,0) -> 0
A81: 101 | C81: CRIOGENIO DENSITY | D81: MATERIAIS DESCARTÁVEIS E APOIO | E81: 018 - Grama | F81: JEISYS | G81: 500 | H81: 29 | I81: 15 | J81: =SUMIF(ENTRADAS!B:B,A:A,ENTRADAS!F:F) -> 2 | K81: =SUMIF(SAÍDAS!B:B,A:A,SAÍDAS!F:F) -> 4 | L81: =H81+J81-K81 -> 27 | M81: ='SALDO ATUAL'!$G83*'SALDO ATUAL'!$I83 -> 360 | N81: ='SALDO ATUAL'!$G83*'SALDO ATUAL'!$L83 -> 1440 | O81: =IF(L81>=I81,"OK","COMPRAR") -> OK | P81: =IF(O81="COMPRAR",I81-L81,0) -> 0
A82: 102 | C82: CURATIVO BLOOD STOP | D82: MATERIAIS DESCARTÁVEIS E APOIO | E82: 005 - Caixa | F82: AMP | G82: 24.5 | H82: 2 | I82: 2 | J82: =SUMIF(ENTRADAS!B:B,A:A,ENTRADAS!F:F) -> 0 | K82: =SUMIF(SAÍDAS!B:B,A:A,SAÍDAS!F:F) -> 0 | L82: =H82+J82-K82 -> 2 | M82: ='SALDO ATUAL'!$G171*'SALDO ATUAL'!$I171 -> 0 | N82: ='SALDO ATUAL'!$G171*'SALDO ATUAL'!$L171 -> 0 | O82: =IF(L82>=I82,"OK","COMPRAR") -> OK | P82: =IF(O82="COMPRAR",I82-L82,0) -> 0
A83: 103 | C83: D PANTENOL OPTIMUS | D83: ATIVOS | E83: 001 - Ampola | F83: OPTIMUS | G83: 90 | H83: 20 | I83: 4 | J83: =SUMIF(ENTRADAS!B:B,A:A,ENTRADAS!F:F) -> 0 | K83: =SUMIF(SAÍDAS!B:B,A:A,SAÍDAS!F:F) -> 4 | L83: =H83+J83-K83 -> 16 | M83: ='SALDO ATUAL'!$G286*'SALDO ATUAL'!$I286 -> 0 | N83: ='SALDO ATUAL'!$G286*'SALDO ATUAL'!$L286 -> 0 | O83: =IF(L83>=I83,"OK","COMPRAR") -> OK | P83: =IF(O83="COMPRAR",I83-L83,0) -> 0
A84: 105 | C84: D-PANTENOL HEALTH TECH | D84: ATIVOS | E84: 0 | F84: 0 | G84: 0 | H84: 0 | I84: 0 | J84: =SUMIF(ENTRADAS!B:B,A:A,ENTRADAS!F:F) -> 0 | K84: =SUMIF(SAÍDAS!B:B,A:A,SAÍDAS!F:F) -> 0 | L84: =H84+J84-K84 -> 0 | M84: ='SALDO ATUAL'!$G236*'SALDO ATUAL'!$I236 -> 54.5 | N84: ='SALDO ATUAL'!$G236*'SALDO ATUAL'!$L236 -> 218 | O84: =IF(L84>=I84,"OK","COMPRAR") -> OK | P84: =IF(O84="COMPRAR",I84-L84,0) -> 0
A85: 106 | C85: D-PANTENOL VICTA | D85: ATIVOS | E85: 0 | F85: 0 | G85: 0 | H85: 0 | I85: 0 | J85: =SUMIF(ENTRADAS!B:B,A:A,ENTRADAS!F:F) -> 0 | K85: =SUMIF(SAÍDAS!B:B,A:A,SAÍDAS!F:F) -> 0 | L85: =H85+J85-K85 -> 0 | M85: ='SALDO ATUAL'!$G206*'SALDO ATUAL'!$I206 -> 0 | N85: ='SALDO ATUAL'!$G206*'SALDO ATUAL'!$L206 -> 0 | O85: =IF(L85>=I85,"OK","COMPRAR") -> OK | P85: =IF(O85="COMPRAR",I85-L85,0) -> 0
A86: 107 | C86: DETERGENTE ENZIMÁTICO IV NEUTRO RIOQUÍMICA | D86: SOLUÇÕES | E86: 0 | F86: 0 | G86: 0 | H86: 0 | I86: 0 | J86: =SUMIF(ENTRADAS!B:B,A:A,ENTRADAS!F:F) -> 0 | K86: =SUMIF(SAÍDAS!B:B,A:A,SAÍDAS!F:F) -> 0 | L86: =H86+J86-K86 -> 0 | M86: ='SALDO ATUAL'!$G166*'SALDO ATUAL'!$I166 -> 0 | N86: ='SALDO ATUAL'!$G166*'SALDO ATUAL'!$L166 -> 0 | O86: =IF(L86>=I86,"OK","COMPRAR") -> OK | P86: =IF(O86="COMPRAR",I86-L86,0) -> 0
A87: 108 | C87: DETERGENTE ENZIMÁTICO ZYMEDET GOLD | D87: SOLUÇÕES | E87: 0 | F87: 0 | G87: 0 | H87: 0 | I87: 0 | J87: =SUMIF(ENTRADAS!B:B,A:A,ENTRADAS!F:F) -> 0 | K87: =SUMIF(SAÍDAS!B:B,A:A,SAÍDAS!F:F) -> 0 | L87: =H87+J87-K87 -> 0 | M87: ='SALDO ATUAL'!$G168*'SALDO ATUAL'!$I168 -> 0 | N87: ='SALDO ATUAL'!$G168*'SALDO ATUAL'!$L168 -> 0 | O87: =IF(L87>=I87,"OK","COMPRAR") -> OK | P87: =IF(O87="COMPRAR",I87-L87,0) -> 0
A88: 109 | C88: DIPIRONA | D88: ANTI-INFLAMATÓRIO | E88: 036 - Unidade | G88: 0 | H88: 0 | I88: 1 | J88: =SUMIF(ENTRADAS!B:B,A:A,ENTRADAS!F:F) -> 0 | K88: =SUMIF(SAÍDAS!B:B,A:A,SAÍDAS!F:F) -> 0 | L88: =H88+J88-K88 -> 0 | M88: ='SALDO ATUAL'!$G290*'SALDO ATUAL'!$I290 -> 0 | N88: ='SALDO ATUAL'!$G290*'SALDO ATUAL'!$L290 -> 0 | O88: =IF(L88>=I88,"OK","COMPRAR") -> COMPRAR | P88: =IF(O88="COMPRAR",I88-L88,0) -> 1
A89: 110 | C89: DIPROPINATO DE BETAMETASONA | D89: MEDICAMENTOS | E89: 0 | F89: 0 | G89: 0 | H89: 0 | I89: 0 | J89: =SUMIF(ENTRADAS!B:B,A:A,ENTRADAS!F:F) -> 0 | K89: =SUMIF(SAÍDAS!B:B,A:A,SAÍDAS!F:F) -> 0 | L89: =H89+J89-K89 -> 0 | M89: ='SALDO ATUAL'!$G147*'SALDO ATUAL'!$I147 -> 220 | N89: ='SALDO ATUAL'!$G147*'SALDO ATUAL'!$L147 -> 396 | O89: =IF(L89>=I89,"OK","COMPRAR") -> OK | P89: =IF(O89="COMPRAR",I89-L89,0) -> 0
A90: 111 | C90: DIPROSPAN | D90: ANTI-INFLAMATÓRIO | E90: 0 | F90: 0 | G90: 0 | H90: 0 | I90: 2 | J90: =SUMIF(ENTRADAS!B:B,A:A,ENTRADAS!F:F) -> 0 | K90: =SUMIF(SAÍDAS!B:B,A:A,SAÍDAS!F:F) -> 0 | L90: =H90+J90-K90 -> 0 | M90: ='SALDO ATUAL'!$G289*'SALDO ATUAL'!$I289 -> 192 | N90: ='SALDO ATUAL'!$G289*'SALDO ATUAL'!$L289 -> 95616 | O90: =IF(L90>=I90,"OK","COMPRAR") -> COMPRAR | P90: =IF(O90="COMPRAR",I90-L90,0) -> 2
A91: 112 | C91: DUTASTERIDE HEALTH TECH | D91: ATIVOS | E91: 0 | F91: 0 | G91: 0 | H91: 0 | I91: 0 | J91: =SUMIF(ENTRADAS!B:B,A:A,ENTRADAS!F:F) -> 0 | K91: =SUMIF(SAÍDAS!B:B,A:A,SAÍDAS!F:F) -> 0 | L91: =H91+J91-K91 -> 0 | M91: ='SALDO ATUAL'!$G97*'SALDO ATUAL'!$I97 -> 0 | N91: ='SALDO ATUAL'!$G97*'SALDO ATUAL'!$L97 -> 0 | O91: =IF(L91>=I91,"OK","COMPRAR") -> OK | P91: =IF(O91="COMPRAR",I91-L91,0) -> 0
A92: 118 | C92: ELETRODO DENSITY | D92: MATERIAIS DESCARTÁVEIS E APOIO | E92: 036 - Unidade | F92: JEISYS | G92: 14.26 | H92: 35 | I92: 4 | J92: =SUMIF(ENTRADAS!B:B,A:A,ENTRADAS!F:F) -> 10 | K92: =SUMIF(SAÍDAS!B:B,A:A,SAÍDAS!F:F) -> 2 | L92: =H92+J92-K92 -> 43 | M92: ='SALDO ATUAL'!$G257*'SALDO ATUAL'!$I257 -> 180.84 | N92: ='SALDO ATUAL'!$G257*'SALDO ATUAL'!$L257 -> 361.68 | O92: =IF(L92>=I92,"OK","COMPRAR") -> OK | P92: =IF(O92="COMPRAR",I92-L92,0) -> 0
A93: 119 | C93: EMOLIENTE FACIAL NUTRATOPIC ISDN | D93: DERMOCOSMÉTICO E COSMÉTICO | H93: 0 | J93: =SUMIF(ENTRADAS!B:B,A:A,ENTRADAS!F:F) -> 0 | K93: =SUMIF(SAÍDAS!B:B,A:A,SAÍDAS!F:F) -> 0 | L93: =H93+J93-K93 -> 0 | M93: ='SALDO ATUAL'!$G68*'SALDO ATUAL'!$I68 -> 0 | N93: ='SALDO ATUAL'!$G68*'SALDO ATUAL'!$L68 -> 0 | O93: =IF(L93>=I93,"OK","COMPRAR") -> OK | P93: =IF(O93="COMPRAR",I93-L93,0) -> 0
A94: 120 | C94: ESPONJA MARCLORHEX | D94: ESTERELIZAÇÃO | E94: 036 - Unidade | F94: CRISTÁLIA | G94: 3.5 | H94: 5 | I94: 5 | J94: =SUMIF(ENTRADAS!B:B,A:A,ENTRADAS!F:F) -> 0 | K94: =SUMIF(SAÍDAS!B:B,A:A,SAÍDAS!F:F) -> 0 | L94: =H94+J94-K94 -> 5 | M94: ='SALDO ATUAL'!$G10*'SALDO ATUAL'!$I10 -> 24.12 | N94: ='SALDO ATUAL'!$G10*'SALDO ATUAL'!$L10 -> 48.24 | O94: =IF(L94>=I94,"OK","COMPRAR") -> OK | P94: =IF(O94="COMPRAR",I94-L94,0) -> 0
A95: 121 | C95: ESPONJA RIOHEX 2% RIOQUÍMICA | D95: MATERIAIS DESCARTÁVEIS E APOIO | H95: 0 | J95: =SUMIF(ENTRADAS!B:B,A:A,ENTRADAS!F:F) -> 0 | K95: =SUMIF(SAÍDAS!B:B,A:A,SAÍDAS!F:F) -> 0 | L95: =H95+J95-K95 -> 0 | M95: ='SALDO ATUAL'!$G241*'SALDO ATUAL'!$I241 -> 15.4 | N95: ='SALDO ATUAL'!$G241*'SALDO ATUAL'!$L241 -> 26.95 | O95: =IF(L95>=I95,"OK","COMPRAR") -> OK | P95: =IF(O95="COMPRAR",I95-L95,0) -> 0
A96: 122 | C96: EXO ONE HAIR EVO | D96: ATIVOS | J96: =SUMIF(ENTRADAS!B:B,A:A,ENTRADAS!F:F) -> 0 | K96: =SUMIF(SAÍDAS!B:B,A:A,SAÍDAS!F:F) -> 0 | L96: =H96+J96-K96 -> 0 | M96: ='SALDO ATUAL'!$G189*'SALDO ATUAL'!$I189 -> 0 | N96: ='SALDO ATUAL'!$G189*'SALDO ATUAL'!$L189 -> 0 | O96: =IF(L96>=I96,"OK","COMPRAR") -> OK | P96: =IF(O96="COMPRAR",I96-L96,0) -> 0
A97: 123 | C97: EXO OX REGENERATIVE/POWER SKYMEDIC | D97: ATIVOS | J97: =SUMIF(ENTRADAS!B:B,A:A,ENTRADAS!F:F) -> 1 | K97: =SUMIF(SAÍDAS!B:B,A:A,SAÍDAS!F:F) -> 1 | L97: =H97+J97-K97 -> 0 | M97: ='SALDO ATUAL'!$G255*'SALDO ATUAL'!$I255 -> 360 | N97: ='SALDO ATUAL'!$G255*'SALDO ATUAL'!$L255 -> 1440 | O97: =IF(L97>=I97,"OK","COMPRAR") -> OK | P97: =IF(O97="COMPRAR",I97-L97,0) -> 0
A98: 124 | C98: EXOCUBE | D98: TECNOLOGIA E INTRUMENTOS | E98: 036 - Unidade | F98: ENDEAVOR AESTETHHICS | H98: 8 | I98: 4 | J98: =SUMIF(ENTRADAS!B:B,A:A,ENTRADAS!F:F) -> 0 | K98: =SUMIF(SAÍDAS!B:B,A:A,SAÍDAS!F:F) -> 2 | L98: =H98+J98-K98 -> 6 | M98: ='SALDO ATUAL'!$G196*'SALDO ATUAL'!$I196 -> 0 | N98: ='SALDO ATUAL'!$G196*'SALDO ATUAL'!$L196 -> 0 | O98: =IF(L98>=I98,"OK","COMPRAR") -> OK | P98: =IF(O98="COMPRAR",I98-L98,0) -> 0
A99: 127 | C99: FATOR DE CRESCIMENTO (IBV) VICTA | D99: ATIVOS | H99: 0 | J99: =SUMIF(ENTRADAS!B:B,A:A,ENTRADAS!F:F) -> 0 | K99: =SUMIF(SAÍDAS!B:B,A:A,SAÍDAS!F:F) -> 0 | L99: =H99+J99-K99 -> 0 | M99: ='SALDO ATUAL'!$G204*'SALDO ATUAL'!$I204 -> 16397.3 | N99: ='SALDO ATUAL'!$G204*'SALDO ATUAL'!$L204 -> 9838.38 | O99: =IF(L99>=I99,"OK","COMPRAR") -> OK | P99: =IF(O99="COMPRAR",I99-L99,0) -> 0
A100: 128 | C100: FATOR DE CRESCIMENTO ALOPÉCIA - HEALTH TECH | D100: ATIVOS | H100: 0 | J100: =SUMIF(ENTRADAS!B:B,A:A,ENTRADAS!F:F) -> 0 | K100: =SUMIF(SAÍDAS!B:B,A:A,SAÍDAS!F:F) -> 0 | L100: =H100+J100-K100 -> 0 | M100: ='SALDO ATUAL'!$G246*'SALDO ATUAL'!$I246 -> 0 | N100: ='SALDO ATUAL'!$G246*'SALDO ATUAL'!$L246 -> 0 | O100: =IF(L100>=I100,"OK","COMPRAR") -> OK | P100: =IF(O100="COMPRAR",I100-L100,0) -> 0
...

Sheet ENTRADAS
A1: ENTRADA
A2: DATA | B2: CÓDIGO | C2: NOME DO PRODUTO | D2: CATEGORIA | E2: UNIDADE | F2: QTD COMPRADA
A3: 46076 | B3: 237 | C3: =IFERROR(VLOOKUP(B:B,'SALDO ATUAL'!$A$3:$E$505,3,0),"") -> EXO OX HAIR SKYMEDIC | D3: =IFERROR(VLOOKUP(B:B,'SALDO ATUAL'!$A$3:$E$505,4,0),"") -> ATIVOS | F3: 1
A4: 46076 | B4: 123 | C4: =IFERROR(VLOOKUP(B:B,'SALDO ATUAL'!$A$3:$E$505,3,0),"") -> EXO OX REGENERATIVE/POWER SKYMEDIC | D4: =IFERROR(VLOOKUP(B:B,'SALDO ATUAL'!$A$3:$E$505,4,0),"") -> ATIVOS | F4: 1
A5: 46076 | B5: 236 | C5: =IFERROR(VLOOKUP(B:B,'SALDO ATUAL'!$A$3:$E$505,3,0),"") -> MESO OX ENZYMES COLAGENASE SKYMEDIC | D5: =IFERROR(VLOOKUP(B:B,'SALDO ATUAL'!$A$3:$E$505,4,0),"") -> ATIVOS | F5: 1
A6: 46076 | B6: 238 | C6: =IFERROR(VLOOKUP(B:B,'SALDO ATUAL'!$A$3:$E$505,3,0),"") -> MESO OX HYBRID SKYMEDIC | D6: =IFERROR(VLOOKUP(B:B,'SALDO ATUAL'!$A$3:$E$505,4,0),"") -> ATIVOS | F6: 1
A7: 46076 | B7: 241 | C7: =IFERROR(VLOOKUP(B:B,'SALDO ATUAL'!$A$3:$E$505,3,0),"") -> MESO OX PPC SKYMEDIC | D7: =IFERROR(VLOOKUP(B:B,'SALDO ATUAL'!$A$3:$E$505,4,0),"") -> ATIVOS | F7: 1
A8: 46083 | B8: 359 | C8: =IFERROR(VLOOKUP(B:B,'SALDO ATUAL'!$A$3:$E$505,3,0),"") -> NADH (PÓ LIOFILIZADO) OPTIMUS | D8: =IFERROR(VLOOKUP(B:B,'SALDO ATUAL'!$A$3:$E$505,4,0),"") -> ATIVOS | E8: =IFERROR(VLOOKUP(B:B,'SALDO ATUAL'!$A$3:$E$505,5,0),"") -> 001- Ampola | F8: 3
A9: 46083 | B9: 379 | C9: =IFERROR(VLOOKUP(B:B,'SALDO ATUAL'!$A$3:$E$505,3,0),"") -> COENZIMA Q10 OPTIMUS | D9: =IFERROR(VLOOKUP(B:B,'SALDO ATUAL'!$A$3:$E$505,4,0),"") -> MANIPULADOS | E9: =IFERROR(VLOOKUP(B:B,'SALDO ATUAL'!$A$3:$E$505,5,0),"") -> 036- Unidade | F9: 3
A10: 46083 | B10: 80 | C10: =IFERROR(VLOOKUP(B:B,'SALDO ATUAL'!$A$3:$E$505,3,0),"") -> CLORETO DE MAGNESIO OPTMUS | D10: =IFERROR(VLOOKUP(B:B,'SALDO ATUAL'!$A$3:$E$505,4,0),"") -> ATIVOS | E10: =IFERROR(VLOOKUP(B:B,'SALDO ATUAL'!$A$3:$E$505,5,0),"") -> 001- Ampola | F10: 6
A11: 46083 | B11: 1 | C11: =IFERROR(VLOOKUP(B:B,'SALDO ATUAL'!$A$3:$E$505,3,0),"") -> AC. ALFA LIPOICO OPTMUS | D11: =IFERROR(VLOOKUP(B:B,'SALDO ATUAL'!$A$3:$E$505,4,0),"") -> ATIVOS | E11: =IFERROR(VLOOKUP(B:B,'SALDO ATUAL'!$A$3:$E$505,5,0),"") -> 001 - Ampola | F11: 6
A12: 46083 | B12: 336 | C12: =IFERROR(VLOOKUP(B:B,'SALDO ATUAL'!$A$3:$E$505,3,0),"") -> VITAMINA C OPTIMUS | D12: =IFERROR(VLOOKUP(B:B,'SALDO ATUAL'!$A$3:$E$505,4,0),"") -> ATIVOS | E12: =IFERROR(VLOOKUP(B:B,'SALDO ATUAL'!$A$3:$E$505,5,0),"") -> 001- Ampola | F12: 6
A13: 46083 | B13: 284 | C13: =IFERROR(VLOOKUP(B:B,'SALDO ATUAL'!$A$3:$E$505,3,0),"") -> RESVERASROL OPTIMUS | D13: =IFERROR(VLOOKUP(B:B,'SALDO ATUAL'!$A$3:$E$505,4,0),"") -> ATIVOS | E13: =IFERROR(VLOOKUP(B:B,'SALDO ATUAL'!$A$3:$E$505,5,0),"") -> 001- Ampola | F13: 6
A14: 46083 | B14: 203 | C14: =IFERROR(VLOOKUP(B:B,'SALDO ATUAL'!$A$3:$E$505,3,0),"") -> L GLUTATIONA OPTMUS | D14: =IFERROR(VLOOKUP(B:B,'SALDO ATUAL'!$A$3:$E$505,4,0),"") -> ATIVOS | E14: =IFERROR(VLOOKUP(B:B,'SALDO ATUAL'!$A$3:$E$505,5,0),"") -> 001- Ampola | F14: 6
A15: 46091 | B15: 285 | C15: =IFERROR(VLOOKUP(B:B,'SALDO ATUAL'!$A$3:$E$505,3,0),"") -> ROLO PARA ESTERILIZAÇÃO | D15: =IFERROR(VLOOKUP(B:B,'SALDO ATUAL'!$A$3:$E$505,4,0),"") -> MATERIAIS DESCARTÁVEIS E APOIO | E15: =IFERROR(VLOOKUP(B:B,'SALDO ATUAL'!$A$3:$E$505,5,0),"") -> 036- Unidade | F15: 2
A16: 46091 | B16: 381 | C16: =IFERROR(VLOOKUP(B:B,'SALDO ATUAL'!$A$3:$E$505,3,0),"") -> TESTE INDICADOR QUÍMICO | D16: =IFERROR(VLOOKUP(B:B,'SALDO ATUAL'!$A$3:$E$505,4,0),"") -> ESTERELIZAÇÃO | E16: =IFERROR(VLOOKUP(B:B,'SALDO ATUAL'!$A$3:$E$505,5,0),"") -> 036- Unidade | F16: 2
A17: 46091 | B17: 323 | C17: =IFERROR(VLOOKUP(B:B,'SALDO ATUAL'!$A$3:$E$505,3,0),"") -> TESTE INDICADOR BIOLÓGICO | D17: =IFERROR(VLOOKUP(B:B,'SALDO ATUAL'!$A$3:$E$505,4,0),"") -> ESTERELIZAÇÃO | E17: =IFERROR(VLOOKUP(B:B,'SALDO ATUAL'!$A$3:$E$505,5,0),"") -> 036- Unidade | F17: 6
A18: 46091 | B18: 11 | C18: =IFERROR(VLOOKUP(B:B,'SALDO ATUAL'!$A$3:$E$505,3,0),"") -> ÁGUA TERMAL MINERAUX | D18: =IFERROR(VLOOKUP(B:B,'SALDO ATUAL'!$A$3:$E$505,4,0),"") -> DERMOCOSMÉTICO E COSMÉTICO | E18: =IFERROR(VLOOKUP(B:B,'SALDO ATUAL'!$A$3:$E$505,5,0),"") -> 013 - Frasco | F18: 1
A19: 46091 | B19: 10 | C19: =IFERROR(VLOOKUP(B:B,'SALDO ATUAL'!$A$3:$E$505,3,0),"") | D19: =IFERROR(VLOOKUP(B:B,'SALDO ATUAL'!$A$3:$E$505,4,0),"") | E19: =IFERROR(VLOOKUP(B:B,'SALDO ATUAL'!$A$3:$E$505,5,0),"") | F19: 1
... A52: 46098 | B52: 96 | C52: =IFERROR(VLOOKUP(B:B,'SALDO ATUAL'!$A$3:$E$505,3,0),"") -> CREME CALMANTE NIACINAMIDA INC BEAUTY | D52: =IFERROR(VLOOKUP(B:B,'SALDO ATUAL'!$A$3:$E$505,4,0),"") -> MANIPULADOS | E52: =IFERROR(VLOOKUP(B:B,'SALDO ATUAL'!$A$3:$E$505,5,0),"") -> 018 - Grama | F52: 15
A53: 46098 | B53: 98 | C53: =IFERROR(VLOOKUP(B:B,'SALDO ATUAL'!$A$3:$E$505,3,0),"") -> CREME COM NUTRI OMEGA + ASSOCIAÇÕES INC BEAUTY | D53: =IFERROR(VLOOKUP(B:B,'SALDO ATUAL'!$A$3:$E$999,4,0),"") -> MANIPULADOS | E53: =IFERROR(VLOOKUP(B:B,'SALDO ATUAL'!$A$3:$E$505,5,0),"") -> 018 - Grama | F53: 1
A54: 46098 | B54: 328 | C54: =IFERROR(VLOOKUP(B:B,'SALDO ATUAL'!$A$3:$E$505,3,0),"") -> TOXINA BOTULÍNICA DYSPORT 300U | D54: =IFERROR(VLOOKUP(B:B,'SALDO ATUAL'!$A$3:$E$999,4,0),"") -> TOXINA | E54: =IFERROR(VLOOKUP(B:B,'SALDO ATUAL'!$A$3:$E$505,5,0),"") -> 037 - Unidade Internacional | F54: 3
A55: 46100 | B55: 399 | C55: =IFERROR(VLOOKUP(B:B,'SALDO ATUAL'!$A$3:$E$505,3,0),"") | D55: =IFERROR(VLOOKUP(B:B,'SALDO ATUAL'!$A$3:$E$999,4,0),"") | E55: =IFERROR(VLOOKUP(B:B,'SALDO ATUAL'!$A$3:$E$505,5,0),"") | F55: 1
A56: 46100 | B56: 400 | C56: =IFERROR(VLOOKUP(B:B,'SALDO ATUAL'!$A$3:$E$505,3,0),"") | D56: =IFERROR(VLOOKUP(B:B,'SALDO ATUAL'!$A$3:$E$999,4,0),"") | E56: =IFERROR(VLOOKUP(B:B,'SALDO ATUAL'!$A$3:$E$505,5,0),"") | F56: 1
A57: 46100 | B57: 401 | C57: =IFERROR(VLOOKUP(B:B,'SALDO ATUAL'!$A$3:$E$505,3,0),"") | D57: =IFERROR(VLOOKUP(B:B,'SALDO ATUAL'!$A$3:$E$999,4,0),"") | E57: =IFERROR(VLOOKUP(B:B,'SALDO ATUAL'!$A$3:$E$505,5,0),"") | F57: 1
A58: 46100 | B58: 402 | C58: =IFERROR(VLOOKUP(B:B,'SALDO ATUAL'!$A$3:$E$505,3,0),"") | D58: =IFERROR(VLOOKUP(B:B,'SALDO ATUAL'!$A$3:$E$999,4,0),"") | E58: =IFERROR(VLOOKUP(B:B,'SALDO ATUAL'!$A$3:$E$505,5,0),"") | F58: 1
A59: 46100 | B59: 404 | C59: =IFERROR(VLOOKUP(B:B,'SALDO ATUAL'!$A$3:$E$505,3,0),"") | D59: =IFERROR(VLOOKUP(B:B,'SALDO ATUAL'!$A$3:$E$999,4,0),"") | E59: =IFERROR(VLOOKUP(B:B,'SALDO ATUAL'!$A$3:$E$505,5,0),"") | F59: 1
A60: 46100 | B60: 405 | C60: =IFERROR(VLOOKUP(B:B,'SALDO ATUAL'!$A$3:$E$505,3,0),"") | D60: =IFERROR(VLOOKUP(B:B,'SALDO ATUAL'!$A$3:$E$999,4,0),"") | E60: =IFERROR(VLOOKUP(B:B,'SALDO ATUAL'!$A$3:$E$505,5,0),"") | F60: 1
A61: 46100 | B61: 406 | C61: =IFERROR(VLOOKUP(B:B,'SALDO ATUAL'!$A$3:$E$505,3,0),"") -> CANULADE GUEDEL 4 - CARRINHO DE PARADA | D61: =IFERROR(VLOOKUP(B:B,'SALDO ATUAL'!$A$3:$E$999,4,0),"") -> ITEM OPERACIONAL | E61: =IFERROR(VLOOKUP(B:B,'SALDO ATUAL'!$A$3:$E$505,5,0),"") -> 036- Unidade | F61: 1
A62: 46100 | B62: 407 | C62: =IFERROR(VLOOKUP(B:B,'SALDO ATUAL'!$A$3:$E$505,3,0),"") -> CANULA DE GUEDEL 5 - CARRINHO DE PARADA | D62: =IFERROR(VLOOKUP(B:B,'SALDO ATUAL'!$A$3:$E$999,4,0),"") -> ITEM OPERACIONAL | E62: =IFERROR(VLOOKUP(B:B,'SALDO ATUAL'!$A$3:$E$505,5,0),"") -> 036- Unidade | F62: 1
A63: 46100 | B63: 408 | C63: =IFERROR(VLOOKUP(B:B,'SALDO ATUAL'!$A$3:$E$505,3,0),"") -> MASCARA ALTA CONCENTRAÇÃO - CARRINHO DE PARADA | D63: =IFERROR(VLOOKUP(B:B,'SALDO ATUAL'!$A$3:$E$999,4,0),"") -> ITEM OPERACIONAL | E63: =IFERROR(VLOOKUP(B:B,'SALDO ATUAL'!$A$3:$E$505,5,0),"") -> 036- Unidade | F63: 1
A64: 46100 | B64: 409 | C64: =IFERROR(VLOOKUP(B:B,'SALDO ATUAL'!$A$3:$E$505,3,0),"") -> MALETA NYLON - CARRINHO DE PARADA | D64: =IFERROR(VLOOKUP(B:B,'SALDO ATUAL'!$A$3:$E$999,4,0),"") -> ITEM OPERACIONAL | E64: =IFERROR(VLOOKUP(B:B,'SALDO ATUAL'!$A$3:$E$505,5,0),"") -> 036- Unidade | F64: 1
A65: 46100 | B65: 410 | C65: =IFERROR(VLOOKUP(B:B,'SALDO ATUAL'!$A$3:$E$505,3,0),"") -> ALCOOL 70% NOVA VIDA | D65: =IFERROR(VLOOKUP(B:B,'SALDO ATUAL'!$A$3:$E$999,4,0),"") -> SOLUÇÕES | E65: =IFERROR(VLOOKUP(B:B,'SALDO ATUAL'!$A$3:$E$505,5,0),"") -> 019 - Litro | F65: 3
A66: 46100 | B66: 411 | C66: =IFERROR(VLOOKUP(B:B,'SALDO ATUAL'!$A$3:$E$505,3,0),"") -> AROMATIZADOR DE AR | D66: =IFERROR(VLOOKUP(B:B,'SALDO ATUAL'!$A$3:$E$999,4,0),"") -> ITEM OPERACIONAL | E66: =IFERROR(VLOOKUP(B:B,'SALDO ATUAL'!$A$3:$E$505,5,0),"") -> 023 - Mililitro | F66: 2
A67: 46100 | B67: 412 | C67: =IFERROR(VLOOKUP(B:B,'SALDO ATUAL'!$A$3:$E$505,3,0),"") -> AGUA OXIGENADA 30 VOL ITALLIAN | D67: =IFERROR(VLOOKUP(B:B,'SALDO ATUAL'!$A$3:$E$999,4,0),"") -> SOLUÇÕES | E67: =IFERROR(VLOOKUP(B:B,'SALDO ATUAL'!$A$3:$E$505,5,0),"") -> 019 - Litro | F67: 1
A68: 46100 | B68: 118 | C68: =IFERROR(VLOOKUP(B:B,'SALDO ATUAL'!$A$3:$E$505,3,0),"") -> ELETRODO DENSITY | D68: =IFERROR(VLOOKUP(B:B,'SALDO ATUAL'!$A$3:$E$999,4,0),"") -> MATERIAIS DESCARTÁVEIS E APOIO | E68: =IFERROR(VLOOKUP(B:B,'SALDO ATUAL'!$A$3:$E$505,5,0),"") -> 036 - Unidade | F68: 10
A69: 46100 | B69: 267 | C69: =IFERROR(VLOOKUP(B:B,'SALDO ATUAL'!$A$3:$E$505,3,0),"") -> PONTEIRA E TIP DENSITY | D69: =IFERROR(VLOOKUP(B:B,'SALDO ATUAL'!$A$3:$E$999,4,0),"") -> PONTEIRA | E69: =IFERROR(VLOOKUP(B:B,'SALDO ATUAL'!$A$3:$E$505,5,0),"") -> 036-Unidade | F69: 6
A70: 46100 | B70: 184 | C70: =IFERROR(VLOOKUP(B:B,'SALDO ATUAL'!$A$3:$E$505,3,0),"") -> FLUIDO DE ACOPLAMENTO DENSITY | D70: =IFERROR(VLOOKUP(B:B,'SALDO ATUAL'!$A$3:$E$999,4,0),"") -> MATERIAIS DESCARTÁVEIS E APOIO | E70: =IFERROR(VLOOKUP(B:B,'SALDO ATUAL'!$A$3:$E$505,5,0),"") -> 0 | F70: 6
A71: 46100 | B71: 101 | C71: =IFERROR(VLOOKUP(B:B,'SALDO ATUAL'!$A$3:$E$505,3,0),"") -> CRIOGENIO DENSITY | D71: =IFERROR(VLOOKUP(B:B,'SALDO ATUAL'!$A$3:$E$999,4,0),"") -> MATERIAIS DESCARTÁVEIS E APOIO | E71: =IFERROR(VLOOKUP(B:B,'SALDO ATUAL'!$A$3:$E$505,5,0),"") -> 018 - Grama | F71: 2
A72: 46100 | B72: 413 | C72: =IFERROR(VLOOKUP(B:B,'SALDO ATUAL'!$A$3:$E$505,3,0),"") -> SERINGA PARA INSULINA 1 ML - MEDIX | D72: =IFERROR(VLOOKUP(B:B,'SALDO ATUAL'!$A$3:$E$999,4,0),"") -> MATERIAIS DESCARTÁVEIS E APOIO | E72: =IFERROR(VLOOKUP(B:B,'SALDO ATUAL'!$A$3:$E$505,5,0),"") -> 036- Unidade | F72: 100
A73: 46100 | B73: 414 | C73: =IFERROR(VLOOKUP(B:B,'SALDO ATUAL'!$A$3:$E$505,3,0),"") -> LAMINAS DESCARTÁVEIS PARA BISTURI - UNIQMED | D73: =IFERROR(VLOOKUP(B:B,'SALDO ATUAL'!$A$3:$E$999,4,0),"") -> MATERIAIS DESCARTÁVEIS E APOIO | E73: =IFERROR(VLOOKUP(B:B,'SALDO ATUAL'!$A$3:$E$505,5,0),"") -> 036- Unidade | F73: 100
... A75: 46100 | B75: 416 | C75: =IFERROR(VLOOKUP(B:B,'SALDO ATUAL'!$A$3:$E$505,3,0),"") -> MÁSCARA DE CARVÃO ESTHEMAX | D75: =IFERROR(VLOOKUP(B:B,'SALDO ATUAL'!$A$3:$E$999,4,0),"") -> DERMOCOSMÉTICO E COSMÉTICO | E75: =IFERROR(VLOOKUP(B:B,'SALDO ATUAL'!$A$3:$E$505,5,0),"") -> 030 - Quilograma | F75: 1
A76: 46100 | B76: 403 | C76: =IFERROR(VLOOKUP(B:B,'SALDO ATUAL'!$A$3:$E$999,3,0),"") -> CILINDRO DE OXIGÊNIO - CARRINHO DE PARADA | D76: =IFERROR(VLOOKUP(B:B,'SALDO ATUAL'!$A$3:$E$999,4,0),"") -> ITEM OPERACIONAL | E76: =IFERROR(VLOOKUP(B:B,'SALDO ATUAL'!$A$3:$E$505,5,0),"") -> 019 - Litro | F76: 1
A77: 46105 | B77: 275 | C77: =IFERROR(VLOOKUP(B:B,'SALDO ATUAL'!$A$3:$E$999,3,0),"") -> PROFHILO | D77: =IFERROR(VLOOKUP(B:B,'SALDO ATUAL'!$A$3:$E$999,4,0),"") -> BIORREMODULADOR | E77: =IFERROR(VLOOKUP(B:B,'SALDO ATUAL'!$A$3:$E$505,5,0),"") -> 031- Seringa | F77: 4
A78: 46105 | B78: 323 | C78: =IFERROR(VLOOKUP(B:B,'SALDO ATUAL'!$A$3:$E$999,3,0),"") -> TESTE INDICADOR BIOLÓGICO | D78: =IFERROR(VLOOKUP(B:B,'SALDO ATUAL'!$A$3:$E$999,4,0),"") -> ESTERELIZAÇÃO | E78: =IFERROR(VLOOKUP(B:B,'SALDO ATUAL'!$A$3:$E$505,5,0),"") -> 036- Unidade | F78: 1
A79: 46105 | B79: 417 | C79: =IFERROR(VLOOKUP(B:B,'SALDO ATUAL'!$A$3:$E$999,3,0),"") -> MÁSCARA LARÍNGEA 4.0 | D79: =IFERROR(VLOOKUP(B:B,'SALDO ATUAL'!$A$3:$E$999,4,0),"") -> MATERIAIS DESCARTÁVEIS E APOIO | E79: =IFERROR(VLOOKUP(B:B,'SALDO ATUAL'!$A$3:$E$505,5,0),"") -> 036- Unidade | F79: 1
A80: 46105 | B80: 418 | C80: =IFERROR(VLOOKUP(B:B,'SALDO ATUAL'!$A$3:$E$999,3,0),"") -> MÁSCARA LARÍNGEA 5.0 | D80: =IFERROR(VLOOKUP(B:B,'SALDO ATUAL'!$A$3:$E$999,4,0),"") -> MATERIAIS DESCARTÁVEIS E APOIO | E80: =IFERROR(VLOOKUP(B:B,'SALDO ATUAL'!$A$3:$E$505,5,0),"") -> 036- Unidade | F80: 1
A81: 46105 | B81: 419 | C81: =IFERROR(VLOOKUP(B:B,'SALDO ATUAL'!$A$3:$E$999,3,0),"") -> TUBO ENDOTRAQUEAL 6.5mm | D81: =IFERROR(VLOOKUP(B:B,'SALDO ATUAL'!$A$3:$E$999,4,0),"") -> MATERIAIS DESCARTÁVEIS E APOIO | E81: =IFERROR(VLOOKUP(B:B,'SALDO ATUAL'!$A$3:$E$505,5,0),"") -> 036- Unidade | F81: 1
A82: 46105 | B82: 420 | C82: =IFERROR(VLOOKUP(B:B,'SALDO ATUAL'!$A$3:$E$999,3,0),"") -> TUBO ENDOTRAQUEAL 8.0mm | D82: =IFERROR(VLOOKUP(B:B,'SALDO ATUAL'!$A$3:$E$999,4,0),"") -> MATERIAIS DESCARTÁVEIS E APOIO | E82: =IFERROR(VLOOKUP(B:B,'SALDO ATUAL'!$A$3:$E$505,5,0),"") -> 036- Unidade | F82: 1
A83: 46105 | B83: 421 | C83: =IFERROR(VLOOKUP(B:B,'SALDO ATUAL'!$A$3:$E$999,3,0),"") -> TUBO ENDOTRAQUEAL 7.0mm | D83: =IFERROR(VLOOKUP(B:B,'SALDO ATUAL'!$A$3:$E$999,4,0),"") -> MATERIAIS DESCARTÁVEIS E APOIO | E83: =IFERROR(VLOOKUP(B:B,'SALDO ATUAL'!$A$3:$E$505,5,0),"") -> 036- Unidade | F83: 1
A84: 46105 | B84: 422 | C84: =IFERROR(VLOOKUP(B:B,'SALDO ATUAL'!$A$3:$E$999,3,0),"") -> TUBO ENDOTRAQUEAL 7.5mm | D84: =IFERROR(VLOOKUP(B:B,'SALDO ATUAL'!$A$3:$E$999,4,0),"") -> MATERIAIS DESCARTÁVEIS E APOIO | E84: =IFERROR(VLOOKUP(B:B,'SALDO ATUAL'!$A$3:$E$505,5,0),"") -> 036- Unidade | F84: 1
A85: 46105 | B85: 423 | C85: =IFERROR(VLOOKUP(B:B,'SALDO ATUAL'!$A$3:$E$999,3,0),"") -> CANULA DE GUEDEL TRANSPARENTE Nº4 | D85: =IFERROR(VLOOKUP(B:B,'SALDO ATUAL'!$A$3:$E$999,4,0),"") -> MATERIAIS DESCARTÁVEIS E APOIO | E85: =IFERROR(VLOOKUP(B:B,'SALDO ATUAL'!$A$3:$E$505,5,0),"") -> 036- Unidade | F85: 1
A86: 46105 | B86: 424 | C86: =IFERROR(VLOOKUP(B:B,'SALDO ATUAL'!$A$3:$E$999,3,0),"") -> CANULA DE GUEDEL TRANSPARENTE Nº3 | D86: =IFERROR(VLOOKUP(B:B,'SALDO ATUAL'!$A$3:$E$999,4,0),"") -> MATERIAIS DESCARTÁVEIS E APOIO | E86: =IFERROR(VLOOKUP(B:B,'SALDO ATUAL'!$A$3:$E$505,5,0),"") -> 036- Unidade | F86: 1
A87: 46105 | B87: 433 | C87: =IFERROR(VLOOKUP(B:B,'SALDO ATUAL'!$A$3:$E$999,3,0),"") -> APARELHO MEDIDOR DE GLICOSE | D87: =IFERROR(VLOOKUP(B:B,'SALDO ATUAL'!$A$3:$E$999,4,0),"") -> EQUIPAMENTO | E87: =IFERROR(VLOOKUP(B:B,'SALDO ATUAL'!$A$3:$E$505,5,0),"") -> 036- Unidade | F87: 1
A88: 46105 | B88: 434 | C88: =IFERROR(VLOOKUP(B:B,'SALDO ATUAL'!$A$3:$E$999,3,0),"") -> FITA MEDIDOR DE GLICOSE | D88: =IFERROR(VLOOKUP(B:B,'SALDO ATUAL'!$A$3:$E$999,4,0),"") -> MATERIAIS DESCARTÁVEIS E APOIO | E88: =IFERROR(VLOOKUP(B:B,'SALDO ATUAL'!$A$3:$E$505,5,0),"") -> 036- Unidade | F88: 10
... A94: 46105 | B94: 442 | C94: =IFERROR(VLOOKUP(B:B,'SALDO ATUAL'!$A$3:$E$999,3,0),"") -> CATETER 18G | D94: =IFERROR(VLOOKUP(B:B,'SALDO ATUAL'!$A$3:$E$999,4,0),"") -> MATERIAIS DESCARTÁVEIS E APOIO | E94: =IFERROR(VLOOKUP(B:B,'SALDO ATUAL'!$A$3:$E$505,5,0),"") -> 036- Unidade | F94: 2
A95: 46105 | B95: 291 | C95: =IFERROR(VLOOKUP(B:B,'SALDO ATUAL'!$A$3:$E$505,3,0),"") -> SERINGA 1ML BD | D95: =IFERROR(VLOOKUP(B:B,'SALDO ATUAL'!$A$3:$E$999,4,0),"") -> SERINGA | E95: =IFERROR(VLOOKUP(B:B,'SALDO ATUAL'!$A$3:$E$505,5,0),"") -> 036- Unidade | F95: 5
A96: 46105 | B96: 443 | C96: =IFERROR(VLOOKUP(B:B,'SALDO ATUAL'!$A$3:$E$505,3,0),"") -> LUVA ESTERIL 8.0 | D96: =IFERROR(VLOOKUP(B:B,'SALDO ATUAL'!$A$3:$E$999,4,0),"") -> MATERIAIS DESCARTÁVEIS E APOIO | E96: =IFERROR(VLOOKUP(B:B,'SALDO ATUAL'!$A$3:$E$505,5,0),"") -> 036- Unidade | F96: 2
A97: 46111 | B97: 25 | C97: =IFERROR(VLOOKUP(B:B,'SALDO ATUAL'!$A$3:$E$505,3,0),"") -> AH BELOTERO INTENSE | D97: =IFERROR(VLOOKUP(B:B,'SALDO ATUAL'!$A$3:$E$999,4,0),"") -> PREENCHEDOR | E97: =IFERROR(VLOOKUP(B:B,'SALDO ATUAL'!$A$3:$E$505,5,0),"") -> 023 - Mililitro | F97: 2
A98: 46111 | B98: 26 | C98: =IFERROR(VLOOKUP(B:B,'SALDO ATUAL'!$A$3:$E$505,3,0),"") -> AH BELOTERO VOLUME | D98: =IFERROR(VLOOKUP(B:B,'SALDO ATUAL'!$A$3:$E$999,4,0),"") -> PREENCHEDOR | E98: =IFERROR(VLOOKUP(B:B,'SALDO ATUAL'!$A$3:$E$505,5,0),"") -> 023 - Mililitro | F98: 2
A99: 46125 | B99: 445 | C99: =IFERROR(VLOOKUP(B:B,'SALDO ATUAL'!$A$3:$E$505,3,0),"") -> CREME HIDRATANTE ANTIMANCHAS NIACINAMIDA CAUDALIE | D99: =IFERROR(VLOOKUP(B:B,'SALDO ATUAL'!$A$3:$E$999,4,0),"") -> DERMOCOSMÉTICO E COSMÉTICO | E99: =IFERROR(VLOOKUP(B:B,'SALDO ATUAL'!$A$3:$E$505,5,0),"") -> 036- Unidade | F99: 5
A100: 46125 | B100: 446 | C100: =IFERROR(VLOOKUP(B:B,'SALDO ATUAL'!$A$3:$E$505,3,0),"") -> ELIXIR DE BELEZA CAUDALIE | D100: =IFERROR(VLOOKUP(B:B,'SALDO ATUAL'!$A$3:$E$999,4,0),"") -> DERMOCOSMÉTICO E COSMÉTICO | E100: =IFERROR(VLOOKUP(B:B,'SALDO ATUAL'!$A$3:$E$505,5,0),"") -> 036- Unidade | F100: 4
A101: 46125 | B101: 447 | C101: =IFERROR(VLOOKUP(B:B,'SALDO ATUAL'!$A$3:$E$505,3,0),"") -> SÉRUM PRIMER CRU CAUDALIE | D101: =IFERROR(VLOOKUP(B:B,'SALDO ATUAL'!$A$3:$E$999,4,0),"") -> DERMOCOSMÉTICO E COSMÉTICO | E101: =IFERROR(VLOOKUP(B:B,'SALDO ATUAL'!$A$3:$E$505,5,0),"") -> 036- Unidade | F101: 5
A102: 46125 | B102: 448 | C102: =IFERROR(VLOOKUP(B:B,'SALDO ATUAL'!$A$3:$E$505,3,0),"") -> SÉRUM RESPLENDOR ANTIMANCHAS CAUDALIE | D102: =IFERROR(VLOOKUP(B:B,'SALDO ATUAL'!$A$3:$E$999,4,0),"") -> DERMOCOSMÉTICO E COSMÉTICO | E102: =IFERROR(VLOOKUP(B:B,'SALDO ATUAL'!$A$3:$E$505,5,0),"") -> 036- Unidade | F102: 8
C103: =IFERROR(VLOOKUP(B:B,'SALDO ATUAL'!$A$3:$E$505,3,0),"") | D103: =IFERROR(VLOOKUP(B:B,'SALDO ATUAL'!$A$3:$E$999,4,0),"") | E103: =IFERROR(VLOOKUP(B:B,'SALDO ATUAL'!$A$3:$E$505,5,0),"")
C104: =IFERROR(VLOOKUP(B:B,'SALDO ATUAL'!$A$3:$E$505,3,0),"") | D104: =IFERROR(VLOOKUP(B:B,'SALDO ATUAL'!$A$3:$E$999,4,0),"") | E104: =IFERROR(VLOOKUP(B:B,'SALDO ATUAL'!$A$3:$E$505,5,0),"")
C105: =IFERROR(VLOOKUP(B:B,'SALDO ATUAL'!$A$3:$E$505,3,0),"") | D105: =IFERROR(VLOOKUP(B:B,'SALDO ATUAL'!$A$3:$E$999,4,0),"") | E105: =IFERROR(VLOOKUP(B:B,'SALDO ATUAL'!$A$3:$E$505,5,0),"")
C106: =IFERROR(VLOOKUP(B:B,'SALDO ATUAL'!$A$3:$E$505,3,0),"") | D106: =IFERROR(VLOOKUP(B:B,'SALDO ATUAL'!$A$3:$E$999,4,0),"") | E106: =IFERROR(VLOOKUP(B:B,'SALDO ATUAL'!$A$3:$E$505,5,0),"")
C107: =IFERROR(VLOOKUP(B:B,'SALDO ATUAL'!$A$3:$E$505,3,0),"") | D107: =IFERROR(VLOOKUP(B:B,'SALDO ATUAL'!$A$3:$E$999,4,0),"") | E107: =IFERROR(VLOOKUP(B:B,'SALDO ATUAL'!$A$3:$E$505,5,0),"")
C108: =IFERROR(VLOOKUP(B:B,'SALDO ATUAL'!$A$3:$E$505,3,0),"") | D108: =IFERROR(VLOOKUP(B:B,'SALDO ATUAL'!$A$3:$E$999,4,0),"") | E108: =IFERROR(VLOOKUP(B:B,'SALDO ATUAL'!$A$3:$E$505,5,0),"")
C109: =IFERROR(VLOOKUP(B:B,'SALDO ATUAL'!$A$3:$E$505,3,0),"") | D109: =IFERROR(VLOOKUP(B:B,'SALDO ATUAL'!$A$3:$E$999,4,0),"") | E109: =IFERROR(VLOOKUP(B:B,'SALDO ATUAL'!$A$3:$E$505,5,0),"")
C110: =IFERROR(VLOOKUP(B:B,'SALDO ATUAL'!$A$3:$E$505,3,0),"") | D110: =IFERROR(VLOOKUP(B:B,'SALDO ATUAL'!$A$3:$E$999,4,0),"") | E110: =IFERROR(VLOOKUP(B:B,'SALDO ATUAL'!$A$3:$E$505,5,0),"")
C111: =IFERROR(VLOOKUP(B:B,'SALDO ATUAL'!$A$3:$E$505,3,0),"") | D111: =IFERROR(VLOOKUP(B:B,'SALDO ATUAL'!$A$3:$E$999,4,0),"") | E111: =IFERROR(VLOOKUP(B:B,'SALDO ATUAL'!$A$3:$E$505,5,0),"")
C112: =IFERROR(VLOOKUP(B:B,'SALDO ATUAL'!$A$3:$E$505,3,0),"") | D112: =IFERROR(VLOOKUP(B:B,'SALDO ATUAL'!$A$3:$E$999,4,0),"") | E112: =IFERROR(VLOOKUP(B:B,'SALDO ATUAL'!$A$3:$E$505,5,0),"")
C113: =IFERROR(VLOOKUP(B:B,'SALDO ATUAL'!$A$3:$E$505,3,0),"") | D113: =IFERROR(VLOOKUP(B:B,'SALDO ATUAL'!$A$3:$E$999,4,0),"") | E113: =IFERROR(VLOOKUP(B:B,'SALDO ATUAL'!$A$3:$E$505,5,0),"")
C114: =IFERROR(VLOOKUP(B:B,'SALDO ATUAL'!$A$3:$E$505,3,0),"") | D114: =IFERROR(VLOOKUP(B:B,'SALDO ATUAL'!$A$3:$E$999,4,0),"") | E114: =IFERROR(VLOOKUP(B:B,'SALDO ATUAL'!$A$3:$E$505,5,0),"")
... C167: =IFERROR(VLOOKUP(B:B,'SALDO ATUAL'!$A$3:$E$505,3,0),"") | D167: =IFERROR(VLOOKUP(B:B,'SALDO ATUAL'!$A$3:$E$999,4,0),"") | E167: =IFERROR(VLOOKUP(B:B,'SALDO ATUAL'!$A$3:$E$505,5,0),"")
C168: =IFERROR(VLOOKUP(B:B,'SALDO ATUAL'!$A$3:$E$505,3,0),"") | E168: =IFERROR(VLOOKUP(B:B,'SALDO ATUAL'!$A$3:$E$505,5,0),"")
C169: =IFERROR(VLOOKUP(B:B,'SALDO ATUAL'!$A$3:$E$505,3,0),"") | E169: =IFERROR(VLOOKUP(B:B,'SALDO ATUAL'!$A$3:$E$505,5,0),"")
E170: =IFERROR(VLOOKUP(B:B,'SALDO ATUAL'!$A$3:$E$505,5,0),"")
E171: =IFERROR(VLOOKUP(B:B,'SALDO ATUAL'!$A$3:$E$505,5,0),"")
E172: =IFERROR(VLOOKUP(B:B,'SALDO ATUAL'!$A$3:$E$505,5,0),"")
E173: =IFERROR(VLOOKUP(B:B,'SALDO ATUAL'!$A$3:$E$505,5,0),"")
E174: =IFERROR(VLOOKUP(B:B,'SALDO ATUAL'!$A$3:$E$505,5,0),"")
E175: =IFERROR(VLOOKUP(B:B,'SALDO ATUAL'!$A$3:$E$505,5,0),"")
E176: =IFERROR(VLOOKUP(B:B,'SALDO ATUAL'!$A$3:$E$505,5,0),"")
E177: =IFERROR(VLOOKUP(B:B,'SALDO ATUAL'!$A$3:$E$505,5,0),"")
E178: =IFERROR(VLOOKUP(B:B,'SALDO ATUAL'!$A$3:$E$505,5,0),"")
E179: =IFERROR(VLOOKUP(B:B,'SALDO ATUAL'!$A$3:$E$505,5,0),"")
E180: =IFERROR(VLOOKUP(B:B,'SALDO ATUAL'!$A$3:$E$505,5,0),"")
E181: =IFERROR(VLOOKUP(B:B,'SALDO ATUAL'!$A$3:$E$505,5,0),"")
... E190: =IFERROR(VLOOKUP(B:B,'SALDO ATUAL'!$A$3:$E$505,5,0),"")

Sheet SAÍDAS
A1: 89
A2: DATA | B2: CÓD | C2: NOME DO PRODUTO | D2: CATEGORIA | E2: UNIDADE | F2: QTD UTILIZADA
A3: 46076 | B3: 268 | C3: =IFERROR(VLOOKUP(B:B,'SALDO ATUAL'!$A$3:$E$238,3,0),"") -> PONTEIRA F TIP DENSITY | D3: =IFERROR(VLOOKUP(B:B,'SALDO ATUAL'!$A$3:$E$238,4,0),"") -> PONTEIRA | E3: =IFERROR(VLOOKUP(B:B,'SALDO ATUAL'!$A$3:$E$238,5,0),"") -> 036-Unidade | F3: 1
A4: 46076 | B4: 11 | C4: =IFERROR(VLOOKUP(B:B,'SALDO ATUAL'!$A$3:$E$238,3,0),"") -> ÁGUA TERMAL MINERAUX | D4: =IFERROR(VLOOKUP(B:B,'SALDO ATUAL'!$A$3:$E$238,4,0),"") -> DERMOCOSMÉTICO E COSMÉTICO | E4: =IFERROR(VLOOKUP(B:B,'SALDO ATUAL'!$A$3:$E$238,5,0),"") -> 013 - Frasco | F4: 1
A5: 46077 | B5: 98 | C5: =IFERROR(VLOOKUP(B:B,'SALDO ATUAL'!$A$3:$E$506,3,0),"") -> CREME COM NUTRI OMEGA + ASSOCIAÇÕES INC BEAUTY | D5: =IFERROR(VLOOKUP(B:B,'SALDO ATUAL'!$A$3:$E$506,4,0),"") -> MANIPULADOS | E5: =IFERROR(VLOOKUP(B:B,'SALDO ATUAL'!$A$3:$E$506,5,0),"") -> 018 - Grama | F5: 1
A6: 46078 | B6: 83 | C6: =IFERROR(VLOOKUP(B:B,'SALDO ATUAL'!$A$3:$E$238,3,0),"") -> CLOREX AQUOSO 0,2% 100ML RIOHEX | D6: =IFERROR(VLOOKUP(B:B,'SALDO ATUAL'!$A$3:$E$238,4,0),"") -> SOLUÇÕES | E6: =IFERROR(VLOOKUP(B:B,'SALDO ATUAL'!$A$3:$E$238,5,0),"") -> 023 - Mililitro | F6: 3
A7: 46078 | B7: 306 | C7: =IFERROR(VLOOKUP(B:B,'SALDO ATUAL'!$A$3:$E$9999,3,0),"") -> SERINGA ULTRA FINE 0,3ML 0,8x0,30 BD | D7: =IFERROR(VLOOKUP(B:B,'SALDO ATUAL'!$A$3:$E999,4,0),"") -> SERINGA | E7: =IFERROR(VLOOKUP(B:B,'SALDO ATUAL'!$A$3:$E$999,5,0),"") -> 043- Pacotes | F7: 1
A8: 46078 | B8: 38 | C8: =IFERROR(VLOOKUP(B:B,'SALDO ATUAL'!$A$3:$E$9999,3,0),"") -> ALCOOL 70% SEPTPRO 70 | D8: =IFERROR(VLOOKUP(B:B,'SALDO ATUAL'!$A$3:$E1000,4,0),"") -> INSUMOS | E8: =IFERROR(VLOOKUP(B:B,'SALDO ATUAL'!$A$3:$E$999,5,0),"") -> 023 - Mililitro | F8: 3
A9: 46078 | B9: 298 | C9: =IFERROR(VLOOKUP(B:B,'SALDO ATUAL'!$A$3:$E$9999,3,0),"") -> SERINGA 5ML LOCK - ROSCA BD | D9: =IFERROR(VLOOKUP(B:B,'SALDO ATUAL'!$A$3:$E1001,4,0),"") -> SERINGA | E9: =IFERROR(VLOOKUP(B:B,'SALDO ATUAL'!$A$3:$E$999,5,0),"") -> 036- Unidade | F9: 10
A10: 46078 | B10: 201 | C10: =IFERROR(VLOOKUP(B:B,'SALDO ATUAL'!$A$3:$E$9999,3,0),"") -> KIT PONTEIRA HAIR D&D EVO | D10: =IFERROR(VLOOKUP(B:B,'SALDO ATUAL'!$A$3:$E1002,4,0),"") -> PONTEIRA | E10: =IFERROR(VLOOKUP(B:B,'SALDO ATUAL'!$A$3:$E$999,5,0),"") -> 036-Unidades | F10: 5
A11: 46078 | B11: 316 | C11: =IFERROR(VLOOKUP(B:B,'SALDO ATUAL'!$A$3:$E$9999,3,0),"") -> SORO ESTÉRIL 10 ML ISOFARMA | D11: =IFERROR(VLOOKUP(B:B,'SALDO ATUAL'!$A$3:$E1003,4,0),"") -> SOLUÇÕES | E11: =IFERROR(VLOOKUP(B:B,'SALDO ATUAL'!$A$3:$E$999,5,0),"") -> 012- Floconete | F11: 5
A12: 46078 | B12: 89 | C12: =IFERROR(VLOOKUP(B:B,'SALDO ATUAL'!$A$3:$E$9999,3,0),"") -> COMPRESSA GAZE 13 FIOS C/ 500 UNID MEDI HOUSE | D12: =IFERROR(VLOOKUP(B:B,'SALDO ATUAL'!$A$3:$E1004,4,0),"") -> MATERIAIS DESCARTÁVEIS E APOIO | E12: =IFERROR(VLOOKUP(B:B,'SALDO ATUAL'!$A$3:$E$999,5,0),"") -> 036 - Unidade | F12: 1
A13: 46078 | B13: 84 | C13: =IFERROR(VLOOKUP(B:B,'SALDO ATUAL'!$A$3:$E$9999,3,0),"") -> COLETOR PERFUROCORTANTE 3L DESCARPACK | D13: =IFERROR(VLOOKUP(B:B,'SALDO ATUAL'!$A$3:$E1005,4,0),"") -> MATERIAIS DESCARTÁVEIS E APOIO | E13: =IFERROR(VLOOKUP(B:B,'SALDO ATUAL'!$A$3:$E$999,5,0),"") -> 036 - Unidade | F13: 1
A14: 46078 | B14: 50 | C14: =IFERROR(VLOOKUP(B:B,'SALDO ATUAL'!$A$3:$E$9999,3,0),"") -> BÁLSAMO DE LIMPEZA FACIAL OLERA | D14: =IFERROR(VLOOKUP(B:B,'SALDO ATUAL'!$A$3:$E1006,4,0),"") -> DERMOCOSMÉTICO E COSMÉTICO | E14: =IFERROR(VLOOKUP(B:B,'SALDO ATUAL'!$A$3:$E$999,5,0),"") -> 013 - Frasco | F14: 1
A15: 46078 | B15: 83 | C15: =IFERROR(VLOOKUP(B:B,'SALDO ATUAL'!$A$3:$E$9999,3,0),"") -> CLOREX AQUOSO 0,2% 100ML RIOHEX | D15: =IFERROR(VLOOKUP(B:B,'SALDO ATUAL'!$A$3:$E1007,4,0),"") -> SOLUÇÕES | E15: =IFERROR(VLOOKUP(B:B,'SALDO ATUAL'!$A$3:$E$999,5,0),"") -> 023 - Mililitro | F15: 1
A16: 46078 | B16: 218 | C16: =IFERROR(VLOOKUP(B:B,'SALDO ATUAL'!$A$3:$E$9999,3,0),"") -> LUVA P SEM PÓ DESCARPACK | D16: =IFERROR(VLOOKUP(B:B,'SALDO ATUAL'!$A$3:$E1008,4,0),"") -> MATERIAIS DESCARTÁVEIS E APOIO | E16: =IFERROR(VLOOKUP(B:B,'SALDO ATUAL'!$A$3:$E$999,5,0),"") -> 005- Caixa | F16: 1
A17: 46078 | B17: 275 | C17: =IFERROR(VLOOKUP(B:B,'SALDO ATUAL'!$A$3:$E$9999,3,0),"") -> PROFHILO | D17: =IFERROR(VLOOKUP(B:B,'SALDO ATUAL'!$A$3:$E1009,4,0),"") -> BIORREMODULADOR | E17: =IFERROR(VLOOKUP(B:B,'SALDO ATUAL'!$A$3:$E$999,5,0),"") -> 031- Seringa | F17: 6
A18: 46078 | B18: 24 | C18: =IFERROR(VLOOKUP(B:B,'SALDO ATUAL'!$A$3:$E$9999,3,0),"") -> AH BELOTERO BALANCE | D18: =IFERROR(VLOOKUP(B:B,'SALDO ATUAL'!$A$3:$E1010,4,0),"") -> PREENCHEDOR | E18: =IFERROR(VLOOKUP(B:B,'SALDO ATUAL'!$A$3:$E$999,5,0),"") -> 023 - Mililitro | F18: 3
... A273: 46106 | B273: 220 | C273: =IFERROR(VLOOKUP(B:B,'SALDO ATUAL'!$A$3:$E$9999,3,0),"") -> MASCARA ARGILA INC BEAUTY | D273: =IFERROR(VLOOKUP(B:B,'SALDO ATUAL'!$A$3:$E1265,4,0),"") -> MANIPULADOS | E273: =IFERROR(VLOOKUP(B:B,'SALDO ATUAL'!$A$3:$E$999,5,0),"") -> 018 - Grama | F273: 1
A274: 46106 | B274: 25 | C274: =IFERROR(VLOOKUP(B:B,'SALDO ATUAL'!$A$3:$E$9999,3,0),"") -> AH BELOTERO INTENSE | D274: =IFERROR(VLOOKUP(B:B,'SALDO ATUAL'!$A$3:$E1267,4,0),"") -> PREENCHEDOR | E274: =IFERROR(VLOOKUP(B:B,'SALDO ATUAL'!$A$3:$E$999,5,0),"") -> 023 - Mililitro | F274: 4
A275: 46106 | B275: 329 | C275: =IFERROR(VLOOKUP(B:B,'SALDO ATUAL'!$A$3:$E$9999,3,0),"") -> TOXINA BOTULÍNICA XEOMIN 100UI | D275: =IFERROR(VLOOKUP(B:B,'SALDO ATUAL'!$A$3:$E1268,4,0),"") -> TOXINA | E275: =IFERROR(VLOOKUP(B:B,'SALDO ATUAL'!$A$3:$E$999,5,0),"") -> 037 - Unidade Internacional | F275: 1
A276: 46106 | B276: 359 | C276: =IFERROR(VLOOKUP(B:B,'SALDO ATUAL'!$A$3:$E$9999,3,0),"") -> NADH (PÓ LIOFILIZADO) OPTIMUS | D276: =IFERROR(VLOOKUP(B:B,'SALDO ATUAL'!$A$3:$E1269,4,0),"") -> ATIVOS | E276: =IFERROR(VLOOKUP(B:B,'SALDO ATUAL'!$A$3:$E$999,5,0),"") -> 001- Ampola | F276: 1
A277: 46106 | B277: 336 | C277: =IFERROR(VLOOKUP(B:B,'SALDO ATUAL'!$A$3:$E$9999,3,0),"") -> VITAMINA C OPTIMUS | D277: =IFERROR(VLOOKUP(B:B,'SALDO ATUAL'!$A$3:$E1270,4,0),"") -> ATIVOS | E277: =IFERROR(VLOOKUP(B:B,'SALDO ATUAL'!$A$3:$E$999,5,0),"") -> 001- Ampola | F277: 2
A278: 46106 | B278: 322 | C278: =IFERROR(VLOOKUP(B:B,'SALDO ATUAL'!$A$3:$E$9999,3,0),"") -> SULF . DE ZINCO OPTIMUS | D278: =IFERROR(VLOOKUP(B:B,'SALDO ATUAL'!$A$3:$E1271,4,0),"") -> INJETAVEL | E278: =IFERROR(VLOOKUP(B:B,'SALDO ATUAL'!$A$3:$E$999,5,0),"") -> 001 - Ampola | F278: 2
A279: 46106 | B279: 335 | C279: =IFERROR(VLOOKUP(B:B,'SALDO ATUAL'!$A$3:$E$9999,3,0),"") -> VITAMINA B12 OPTIMUS | D279: =IFERROR(VLOOKUP(B:B,'SALDO ATUAL'!$A$3:$E1272,4,0),"") -> ATIVOS | E279: =IFERROR(VLOOKUP(B:B,'SALDO ATUAL'!$A$3:$E$999,5,0),"") -> 001- Ampola | F279: 2
A280: 46106 | B280: 288 | C280: =IFERROR(VLOOKUP(B:B,'SALDO ATUAL'!$A$3:$E$9999,3,0),"") -> SELENIO OPTIMUS | D280: =IFERROR(VLOOKUP(B:B,'SALDO ATUAL'!$A$3:$E1273,4,0),"") -> ATIVOS | E280: =IFERROR(VLOOKUP(B:B,'SALDO ATUAL'!$A$3:$E$999,5,0),"") -> 001- Ampola | F280: 2
A281: 46106 | B281: 324 | C281: =IFERROR(VLOOKUP(B:B,'SALDO ATUAL'!$A$3:$E$9999,3,0),"") -> TIMOMODULINA OPTIMUS | D281: =IFERROR(VLOOKUP(B:B,'SALDO ATUAL'!$A$3:$E1274,4,0),"") -> ATIVOS | E281: =IFERROR(VLOOKUP(B:B,'SALDO ATUAL'!$A$3:$E$999,5,0),"") -> 001 - Ampola | F281: 2
A282: 46106 | B282: 357 | C282: =IFERROR(VLOOKUP(B:B,'SALDO ATUAL'!$A$3:$E$9999,3,0),"") -> SORO EV 250ML | D282: =IFERROR(VLOOKUP(B:B,'SALDO ATUAL'!$A$3:$E1275,4,0),"") -> MATERIAIS DESCARTÁVEIS E APOIO | E282: =IFERROR(VLOOKUP(B:B,'SALDO ATUAL'!$A$3:$E$999,5,0),"") -> 036- Unidade | F282: 2
A283: 46106 | B283: 354 | C283: =IFERROR(VLOOKUP(B:B,'SALDO ATUAL'!$A$3:$E$9999,3,0),"") -> SCALP 23G | D283: =IFERROR(VLOOKUP(B:B,'SALDO ATUAL'!$A$3:$E1276,4,0),"") -> AGULHAS | E283: =IFERROR(VLOOKUP(B:B,'SALDO ATUAL'!$A$3:$E$999,5,0),"") -> 036- Unidade | F283: 2
A284: 46106 | B284: 355 | C284: =IFERROR(VLOOKUP(B:B,'SALDO ATUAL'!$A$3:$E$9999,3,0),"") -> EQUIPO TKL | D284: =IFERROR(VLOOKUP(B:B,'SALDO ATUAL'!$A$3:$E1277,4,0),"") -> MATERIAIS DESCARTÁVEIS E APOIO | E284: =IFERROR(VLOOKUP(B:B,'SALDO ATUAL'!$A$3:$E$999,5,0),"") -> 036- Unidade | F284: 1
A285: 46107 | B285: 84 | C285: =IFERROR(VLOOKUP(B:B,'SALDO ATUAL'!$A$3:$E$9999,3,0),"") -> COLETOR PERFUROCORTANTE 3L DESCARPACK | D285: =IFERROR(VLOOKUP(B:B,'SALDO ATUAL'!$A$3:$E1278,4,0),"") -> MATERIAIS DESCARTÁVEIS E APOIO | E285: =IFERROR(VLOOKUP(B:B,'SALDO ATUAL'!$A$3:$E$999,5,0),"") -> 036 - Unidade | F285: 2
... A320: 46111 | B320: 50 | C320: =IFERROR(VLOOKUP(B:B,'SALDO ATUAL'!$A$3:$E$9999,3,0),"") -> BÁLSAMO DE LIMPEZA FACIAL OLERA | D320: =IFERROR(VLOOKUP(B:B,'SALDO ATUAL'!$A$3:$E1313,4,0),"") -> DERMOCOSMÉTICO E COSMÉTICO | E320: =IFERROR(VLOOKUP(B:B,'SALDO ATUAL'!$A$3:$E$999,5,0),"") -> 013 - Frasco | F320: 1
A321: 46111 | B321: 96 | C321: =IFERROR(VLOOKUP(B:B,'SALDO ATUAL'!$A$3:$E$9999,3,0),"") -> CREME CALMANTE NIACINAMIDA INC BEAUTY | D321: =IFERROR(VLOOKUP(B:B,'SALDO ATUAL'!$A$3:$E794,4,0),"") -> MANIPULADOS | E321: =IFERROR(VLOOKUP(B:B,'SALDO ATUAL'!$A$3:$E$999,5,0),"") -> 018 - Grama | F321: 1
A322: 46112 | B322: 58 | C322: =IFERROR(VLOOKUP(B:B,'SALDO ATUAL'!$A$3:$E$9999,3,0),"") -> BIOESTIMULADOR RADIESSE | D322: =IFERROR(VLOOKUP(B:B,'SALDO ATUAL'!$A$3:$E795,4,0),"") -> BIOESTIMULADORES | E322: =IFERROR(VLOOKUP(B:B,'SALDO ATUAL'!$A$3:$E$999,5,0),"") -> 023 - Mililitro | F322: 1
A323: 46112 | B323: 336 | C323: =IFERROR(VLOOKUP(B:B,'SALDO ATUAL'!$A$3:$E$9999,3,0),"") -> VITAMINA C OPTIMUS | D323: =IFERROR(VLOOKUP(B:B,'SALDO ATUAL'!$A$3:$E796,4,0),"") -> ATIVOS | E323: =IFERROR(VLOOKUP(B:B,'SALDO ATUAL'!$A$3:$E$999,5,0),"") -> 001- Ampola | F323: 1
A324: 46112 | B324: 324 | C324: =IFERROR(VLOOKUP(B:B,'SALDO ATUAL'!$A$3:$E$9999,3,0),"") -> TIMOMODULINA OPTIMUS | D324: =IFERROR(VLOOKUP(B:B,'SALDO ATUAL'!$A$3:$E797,4,0),"") -> ATIVOS | E324: =IFERROR(VLOOKUP(B:B,'SALDO ATUAL'!$A$3:$E$999,5,0),"") -> 001 - Ampola | F324: 1
A325: 46112 | B325: 322 | C325: =IFERROR(VLOOKUP(B:B,'SALDO ATUAL'!$A$3:$E$9999,3,0),"") -> SULF . DE ZINCO OPTIMUS | D325: =IFERROR(VLOOKUP(B:B,'SALDO ATUAL'!$A$3:$E798,4,0),"") -> INJETAVEL | E325: =IFERROR(VLOOKUP(B:B,'SALDO ATUAL'!$A$3:$E$999,5,0),"") -> 001 - Ampola | F325: 1
A326: 46112 | B326: 335 | C326: =IFERROR(VLOOKUP(B:B,'SALDO ATUAL'!$A$3:$E$9999,3,0),"") -> VITAMINA B12 OPTIMUS | D326: =IFERROR(VLOOKUP(B:B,'SALDO ATUAL'!$A$3:$E799,4,0),"") -> ATIVOS | E326: =IFERROR(VLOOKUP(B:B,'SALDO ATUAL'!$A$3:$E$999,5,0),"") -> 001- Ampola | F326: 1
A327: 46112 | B327: 288 | C327: =IFERROR(VLOOKUP(B:B,'SALDO ATUAL'!$A$3:$E$9999,3,0),"") -> SELENIO OPTIMUS | D327: =IFERROR(VLOOKUP(B:B,'SALDO ATUAL'!$A$3:$E800,4,0),"") -> ATIVOS | E327: =IFERROR(VLOOKUP(B:B,'SALDO ATUAL'!$A$3:$E$999,5,0),"") -> 001- Ampola | F327: 1
A328: 46112 | B328: 357 | C328: =IFERROR(VLOOKUP(B:B,'SALDO ATUAL'!$A$3:$E$9999,3,0),"") -> SORO EV 250ML | D328: =IFERROR(VLOOKUP(B:B,'SALDO ATUAL'!$A$3:$E801,4,0),"") -> MATERIAIS DESCARTÁVEIS E APOIO | E328: =IFERROR(VLOOKUP(B:B,'SALDO ATUAL'!$A$3:$E$999,5,0),"") -> 036- Unidade | F328: 1
A329: 46112 | B329: 356 | C329: =IFERROR(VLOOKUP(B:B,'SALDO ATUAL'!$A$3:$E$9999,3,0),"") -> JELCO 22G BD | D329: =IFERROR(VLOOKUP(B:B,'SALDO ATUAL'!$A$3:$E802,4,0),"") -> AGULHAS | E329: =IFERROR(VLOOKUP(B:B,'SALDO ATUAL'!$A$3:$E$999,5,0),"") -> 036- Unidade | F329: 1
A330: 46112 | B330: 355 | C330: =IFERROR(VLOOKUP(B:B,'SALDO ATUAL'!$A$3:$E$9999,3,0),"") -> EQUIPO TKL | D330: =IFERROR(VLOOKUP(B:B,'SALDO ATUAL'!$A$3:$E803,4,0),"") -> MATERIAIS DESCARTÁVEIS E APOIO | E330: =IFERROR(VLOOKUP(B:B,'SALDO ATUAL'!$A$3:$E$999,5,0),"") -> 036- Unidade | F330: 1
A331: 46112 | B331: 26 | C331: =IFERROR(VLOOKUP(B:B,'SALDO ATUAL'!$A$3:$E$9999,3,0),"") -> AH BELOTERO VOLUME | D331: =IFERROR(VLOOKUP(B:B,'SALDO ATUAL'!$A$3:$E804,4,0),"") -> PREENCHEDOR | E331: =IFERROR(VLOOKUP(B:B,'SALDO ATUAL'!$A$3:$E$999,5,0),"") -> 023 - Mililitro | F331: 1
A332: 46112 | B332: 25 | C332: =IFERROR(VLOOKUP(B:B,'SALDO ATUAL'!$A$3:$E$9999,3,0),"") -> AH BELOTERO INTENSE | D332: =IFERROR(VLOOKUP(B:B,'SALDO ATUAL'!$A$3:$E805,4,0),"") -> PREENCHEDOR | E332: =IFERROR(VLOOKUP(B:B,'SALDO ATUAL'!$A$3:$E$999,5,0),"") -> 023 - Mililitro | F332: 1
... A334: 46112 | B334: 241 | C334: =IFERROR(VLOOKUP(B:B,'SALDO ATUAL'!$A$3:$E$9999,3,0),"") -> MESO OX PPC SKYMEDIC | D334: =IFERROR(VLOOKUP(B:B,'SALDO ATUAL'!$A$3:$E807,4,0),"") -> ATIVOS | E334: =IFERROR(VLOOKUP(B:B,'SALDO ATUAL'!$A$3:$E$999,5,0),"") -> 0 | F334: 1
A335: 46112 | B335: 50 | C335: =IFERROR(VLOOKUP(B:B,'SALDO ATUAL'!$A$3:$E$9999,3,0),"") -> BÁLSAMO DE LIMPEZA FACIAL OLERA | D335: =IFERROR(VLOOKUP(B:B,'SALDO ATUAL'!$A$3:$E809,4,0),"") -> DERMOCOSMÉTICO E COSMÉTICO | E335: =IFERROR(VLOOKUP(B:B,'SALDO ATUAL'!$A$3:$E$999,5,0),"") -> 013 - Frasco | F335: 1
A336: 46113 | B336: 359 | C336: =IFERROR(VLOOKUP(B:B,'SALDO ATUAL'!$A$3:$E$9999,3,0),"") -> NADH (PÓ LIOFILIZADO) OPTIMUS | D336: =IFERROR(VLOOKUP(B:B,'SALDO ATUAL'!$A$3:$E810,4,0),"") -> ATIVOS | E336: =IFERROR(VLOOKUP(B:B,'SALDO ATUAL'!$A$3:$E$999,5,0),"") -> 001- Ampola | F336: 1
A337: 46113 | B337: 357 | C337: =IFERROR(VLOOKUP(B:B,'SALDO ATUAL'!$A$3:$E$9999,3,0),"") -> SORO EV 250ML | D337: =IFERROR(VLOOKUP(B:B,'SALDO ATUAL'!$A$3:$E811,4,0),"") -> MATERIAIS DESCARTÁVEIS E APOIO | E337: =IFERROR(VLOOKUP(B:B,'SALDO ATUAL'!$A$3:$E$999,5,0),"") -> 036- Unidade | F337: 2
A338: 46113 | B338: 355 | C338: =IFERROR(VLOOKUP(B:B,'SALDO ATUAL'!$A$3:$E$9999,3,0),"") -> EQUIPO TKL | D338: =IFERROR(VLOOKUP(B:B,'SALDO ATUAL'!$A$3:$E812,4,0),"") -> MATERIAIS DESCARTÁVEIS E APOIO | E338: =IFERROR(VLOOKUP(B:B,'SALDO ATUAL'!$A$3:$E$999,5,0),"") -> 036- Unidade | F338: 2
A339: 46113 | B339: 356 | C339: =IFERROR(VLOOKUP(B:B,'SALDO ATUAL'!$A$3:$E$9999,3,0),"") -> JELCO 22G BD | D339: =IFERROR(VLOOKUP(B:B,'SALDO ATUAL'!$A$3:$E813,4,0),"") -> AGULHAS | E339: =IFERROR(VLOOKUP(B:B,'SALDO ATUAL'!$A$3:$E$999,5,0),"") -> 036- Unidade | F339: 1
A340: 46113 | B340: 354 | C340: =IFERROR(VLOOKUP(B:B,'SALDO ATUAL'!$A$3:$E$9999,3,0),"") -> SCALP 23G | D340: =IFERROR(VLOOKUP(B:B,'SALDO ATUAL'!$A$3:$E814,4,0),"") -> AGULHAS | E340: =IFERROR(VLOOKUP(B:B,'SALDO ATUAL'!$A$3:$E$999,5,0),"") -> 036- Unidade | F340: 2
A341: 46113 | B341: 336 | C341: =IFERROR(VLOOKUP(B:B,'SALDO ATUAL'!$A$3:$E$9999,3,0),"") -> VITAMINA C OPTIMUS | D341: =IFERROR(VLOOKUP(B:B,'SALDO ATUAL'!$A$3:$E815,4,0),"") -> ATIVOS | E341: =IFERROR(VLOOKUP(B:B,'SALDO ATUAL'!$A$3:$E$999,5,0),"") -> 001- Ampola | F341: 1
A342: 46113 | B342: 1 | C342: =IFERROR(VLOOKUP(B:B,'SALDO ATUAL'!$A$3:$E$9999,3,0),"") -> AC. ALFA LIPOICO OPTMUS | D342: =IFERROR(VLOOKUP(B:B,'SALDO ATUAL'!$A$3:$E816,4,0),"") -> ATIVOS | E342: =IFERROR(VLOOKUP(B:B,'SALDO ATUAL'!$A$3:$E$999,5,0),"") -> 001 - Ampola | F342: 1
A343: 46113 | B343: 80 | C343: =IFERROR(VLOOKUP(B:B,'SALDO ATUAL'!$A$3:$E$9999,3,0),"") -> CLORETO DE MAGNESIO OPTMUS | D343: =IFERROR(VLOOKUP(B:B,'SALDO ATUAL'!$A$3:$E817,4,0),"") -> ATIVOS | E343: =IFERROR(VLOOKUP(B:B,'SALDO ATUAL'!$A$3:$E$999,5,0),"") -> 001- Ampola | F343: 1
A344: 46113 | B344: 203 | C344: =IFERROR(VLOOKUP(B:B,'SALDO ATUAL'!$A$3:$E$9999,3,0),"") -> L GLUTATIONA OPTMUS | D344: =IFERROR(VLOOKUP(B:B,'SALDO ATUAL'!$A$3:$E818,4,0),"") -> ATIVOS | E344: =IFERROR(VLOOKUP(B:B,'SALDO ATUAL'!$A$3:$E$999,5,0),"") -> 001- Ampola | F344: 1
A345: 46113 | B345: 284 | C345: =IFERROR(VLOOKUP(B:B,'SALDO ATUAL'!$A$3:$E$9999,3,0),"") -> RESVERASROL OPTIMUS | D345: =IFERROR(VLOOKUP(B:B,'SALDO ATUAL'!$A$3:$E819,4,0),"") -> ATIVOS | E345: =IFERROR(VLOOKUP(B:B,'SALDO ATUAL'!$A$3:$E$999,5,0),"") -> 001- Ampola | F345: 1
A346: 46114 | B346: 25 | C346: =IFERROR(VLOOKUP(B:B,'SALDO ATUAL'!$A$3:$E$9999,3,0),"") -> AH BELOTERO INTENSE | D346: =IFERROR(VLOOKUP(B:B,'SALDO ATUAL'!$A$3:$E820,4,0),"") -> PREENCHEDOR | E346: =IFERROR(VLOOKUP(B:B,'SALDO ATUAL'!$A$3:$E$999,5,0),"") -> 023 - Mililitro | F346: 3
... A409: 46125 | B409: 363 | C409: =IFERROR(VLOOKUP(B:B,'SALDO ATUAL'!$A$3:$E$9999,3,0),"") -> ALFA LIPÓICO 600mg OPTIMUS | D409: =IFERROR(VLOOKUP(B:B,'SALDO ATUAL'!$A$3:$E883,4,0),"") -> MANIPULADOS | E409: =IFERROR(VLOOKUP(B:B,'SALDO ATUAL'!$A$3:$E$999,5,0),"") -> 023- Mililitro | F409: 20
B410: 335 | C410: =IFERROR(VLOOKUP(B:B,'SALDO ATUAL'!$A$3:$E$9999,3,0),"") -> VITAMINA B12 OPTIMUS | D410: =IFERROR(VLOOKUP(B:B,'SALDO ATUAL'!$A$3:$E884,4,0),"") -> ATIVOS | E410: =IFERROR(VLOOKUP(B:B,'SALDO ATUAL'!$A$3:$E$999,5,0),"") -> 001- Ampola | F410: 1
B411: 203 | C411: =IFERROR(VLOOKUP(B:B,'SALDO ATUAL'!$A$3:$E$9999,3,0),"") -> L GLUTATIONA OPTMUS | D411: =IFERROR(VLOOKUP(B:B,'SALDO ATUAL'!$A$3:$E885,4,0),"") -> ATIVOS | E411: =IFERROR(VLOOKUP(B:B,'SALDO ATUAL'!$A$3:$E$999,5,0),"") -> 001- Ampola | F411: 1
B412: 371 | C412: =IFERROR(VLOOKUP(B:B,'SALDO ATUAL'!$A$3:$E$9999,3,0),"") -> NAC-N-ACETIL OPTIMUS | D412: =IFERROR(VLOOKUP(B:B,'SALDO ATUAL'!$A$3:$E886,4,0),"") -> INJETAVEL | E412: =IFERROR(VLOOKUP(B:B,'SALDO ATUAL'!$A$3:$E$999,5,0),"") -> 001- Ampola | F412: 1
B413: 200 | C413: =IFERROR(VLOOKUP(B:B,'SALDO ATUAL'!$A$3:$E$9999,3,0),"") -> INOSITOL OPTIMUS | D413: =IFERROR(VLOOKUP(B:B,'SALDO ATUAL'!$A$3:$E887,4,0),"") -> INJETAVEL | E413: =IFERROR(VLOOKUP(B:B,'SALDO ATUAL'!$A$3:$E$999,5,0),"") -> 001- Ampola | F413: 1
B414: 357 | C414: =IFERROR(VLOOKUP(B:B,'SALDO ATUAL'!$A$3:$E$9999,3,0),"") -> SORO EV 250ML | D414: =IFERROR(VLOOKUP(B:B,'SALDO ATUAL'!$A$3:$E888,4,0),"") -> MATERIAIS DESCARTÁVEIS E APOIO | E414: =IFERROR(VLOOKUP(B:B,'SALDO ATUAL'!$A$3:$E$999,5,0),"") -> 036- Unidade | F414: 2
B415: 355 | C415: =IFERROR(VLOOKUP(B:B,'SALDO ATUAL'!$A$3:$E$9999,3,0),"") -> EQUIPO TKL | D415: =IFERROR(VLOOKUP(B:B,'SALDO ATUAL'!$A$3:$E889,4,0),"") -> MATERIAIS DESCARTÁVEIS E APOIO | E415: =IFERROR(VLOOKUP(B:B,'SALDO ATUAL'!$A$3:$E$999,5,0),"") -> 036- Unidade | F415: 1
B416: 50 | C416: =IFERROR(VLOOKUP(B:B,'SALDO ATUAL'!$A$3:$E$9999,3,0),"") -> BÁLSAMO DE LIMPEZA FACIAL OLERA | D416: =IFERROR(VLOOKUP(B:B,'SALDO ATUAL'!$A$3:$E890,4,0),"") -> DERMOCOSMÉTICO E COSMÉTICO | E416: =IFERROR(VLOOKUP(B:B,'SALDO ATUAL'!$A$3:$E$999,5,0),"") -> 013 - Frasco | F416: 3
B417: 26 | C417: =IFERROR(VLOOKUP(B:B,'SALDO ATUAL'!$A$3:$E$9999,3,0),"") -> AH BELOTERO VOLUME | D417: =IFERROR(VLOOKUP(B:B,'SALDO ATUAL'!$A$3:$E891,4,0),"") -> PREENCHEDOR | E417: =IFERROR(VLOOKUP(B:B,'SALDO ATUAL'!$A$3:$E$999,5,0),"") -> 023 - Mililitro | F417: 1
B418: 380 | C418: =IFERROR(VLOOKUP(B:B,'SALDO ATUAL'!$A$3:$E$9999,3,0),"") -> CREME 2 CLAREADOR INTENSO INC BEAUTY | D418: =IFERROR(VLOOKUP(B:B,'SALDO ATUAL'!$A$3:$E892,4,0),"") -> MANIPULADOS | E418: =IFERROR(VLOOKUP(B:B,'SALDO ATUAL'!$A$3:$E$999,5,0),"") -> 018- Grama | F418: 1
B419: 58 | C419: =IFERROR(VLOOKUP(B:B,'SALDO ATUAL'!$A$3:$E$9999,3,0),"") -> BIOESTIMULADOR RADIESSE | D419: =IFERROR(VLOOKUP(B:B,'SALDO ATUAL'!$A$3:$E893,4,0),"") -> BIOESTIMULADORES | E419: =IFERROR(VLOOKUP(B:B,'SALDO ATUAL'!$A$3:$E$999,5,0),"") -> 023 - Mililitro | F419: 1
B420: 218 | C420: =IFERROR(VLOOKUP(B:B,'SALDO ATUAL'!$A$3:$E$9999,3,0),"") -> LUVA P SEM PÓ DESCARPACK | D420: =IFERROR(VLOOKUP(B:B,'SALDO ATUAL'!$A$3:$E894,4,0),"") -> MATERIAIS DESCARTÁVEIS E APOIO | E420: =IFERROR(VLOOKUP(B:B,'SALDO ATUAL'!$A$3:$E$999,5,0),"") -> 005- Caixa | F420: 1
B421: 249 | C421: =IFERROR(VLOOKUP(B:B,'SALDO ATUAL'!$A$3:$E$9999,3,0),"") -> PANCAKE FPS 50 PEACH INC BEAUTY | D421: =IFERROR(VLOOKUP(B:B,'SALDO ATUAL'!$A$3:$E895,4,0),"") -> MANIPULADOS | E421: =IFERROR(VLOOKUP(B:B,'SALDO ATUAL'!$A$3:$E$999,5,0),"") -> 036-Unidade | F421: 1
B422: 96 | C422: =IFERROR(VLOOKUP(B:B,'SALDO ATUAL'!$A$3:$E$9999,3,0),"") -> CREME CALMANTE NIACINAMIDA INC BEAUTY | D422: =IFERROR(VLOOKUP(B:B,'SALDO ATUAL'!$A$3:$E896,4,0),"") -> MANIPULADOS | F422: 1
B423: 94 | C423: =IFERROR(VLOOKUP(B:B,'SALDO ATUAL'!$A$3:$E$9999,3,0),"") -> CREME 1 CALMANTE IMEDIATO INC BEAUTY | D423: =IFERROR(VLOOKUP(B:B,'SALDO ATUAL'!$A$3:$E897,4,0),"") -> MANIPULADOS | F423: 1
B424: 220 | C424: =IFERROR(VLOOKUP(B:B,'SALDO ATUAL'!$A$3:$E$9999,3,0),"") -> MASCARA ARGILA INC BEAUTY | D424: =IFERROR(VLOOKUP(B:B,'SALDO ATUAL'!$A$3:$E898,4,0),"") -> MANIPULADOS | F424: 1
B425: 380 | C425: =IFERROR(VLOOKUP(B:B,'SALDO ATUAL'!$A$3:$E$9999,3,0),"") -> CREME 2 CLAREADOR INTENSO INC BEAUTY | D425: =IFERROR(VLOOKUP(B:B,'SALDO ATUAL'!$A$3:$E899,4,0),"") -> MANIPULADOS | F425: 1
C426: =IFERROR(VLOOKUP(B:B,'SALDO ATUAL'!$A$3:$E$9999,3,0),"") | D426: =IFERROR(VLOOKUP(B:B,'SALDO ATUAL'!$A$3:$E900,4,0),"")
C427: =IFERROR(VLOOKUP(B:B,'SALDO ATUAL'!$A$3:$E$9999,3,0),"") | D427: =IFERROR(VLOOKUP(B:B,'SALDO ATUAL'!$A$3:$E901,4,0),"")
C428: =IFERROR(VLOOKUP(B:B,'SALDO ATUAL'!$A$3:$E$9999,3,0),"") | D428: =IFERROR(VLOOKUP(B:B,'SALDO ATUAL'!$A$3:$E902,4,0),"")
C429: =IFERROR(VLOOKUP(B:B,'SALDO ATUAL'!$A$3:$E$9999,3,0),"") | D429: =IFERROR(VLOOKUP(B:B,'SALDO ATUAL'!$A$3:$E903,4,0),"")
C430: =IFERROR(VLOOKUP(B:B,'SALDO ATUAL'!$A$3:$E$9999,3,0),"") | D430: =IFERROR(VLOOKUP(B:B,'SALDO ATUAL'!$A$3:$E904,4,0),"")
C431: =IFERROR(VLOOKUP(B:B,'SALDO ATUAL'!$A$3:$E$9999,3,0),"") | D431: =IFERROR(VLOOKUP(B:B,'SALDO ATUAL'!$A$3:$E905,4,0),"")
C432: =IFERROR(VLOOKUP(B:B,'SALDO ATUAL'!$A$3:$E$9999,3,0),"") | D432: =IFERROR(VLOOKUP(B:B,'SALDO ATUAL'!$A$3:$E906,4,0),"")
C433: =IFERROR(VLOOKUP(B:B,'SALDO ATUAL'!$A$3:$E$9999,3,0),"") | D433: =IFERROR(VLOOKUP(B:B,'SALDO ATUAL'!$A$3:$E907,4,0),"")
C434: =IFERROR(VLOOKUP(B:B,'SALDO ATUAL'!$A$3:$E$9999,3,0),"") | D434: =IFERROR(VLOOKUP(B:B,'SALDO ATUAL'!$A$3:$E908,4,0),"")
C435: =IFERROR(VLOOKUP(B:B,'SALDO ATUAL'!$A$3:$E$9999,3,0),"") | D435: =IFERROR(VLOOKUP(B:B,'SALDO ATUAL'!$A$3:$E909,4,0),"")
C436: =IFERROR(VLOOKUP(B:B,'SALDO ATUAL'!$A$3:$E$9999,3,0),"") | D436: =IFERROR(VLOOKUP(B:B,'SALDO ATUAL'!$A$3:$E910,4,0),"")
C437: =IFERROR(VLOOKUP(B:B,'SALDO ATUAL'!$A$3:$E$9999,3,0),"") | D437: =IFERROR(VLOOKUP(B:B,'SALDO ATUAL'!$A$3:$E911,4,0),"")
... C603: =IFERROR(VLOOKUP(B:B,'SALDO ATUAL'!$A$3:$E$9999,3,0),"") | D603: =IFERROR(VLOOKUP(B:B,'SALDO ATUAL'!$A$3:$E1077,4,0),"")
C604: =IFERROR(VLOOKUP(B:B,'SALDO ATUAL'!$A$3:$E$505,3,0),"") | D604: =IFERROR(VLOOKUP(B:B,'SALDO ATUAL'!$A$3:$E1078,4,0),"")
C605: =IFERROR(VLOOKUP(B:B,'SALDO ATUAL'!$A$3:$E$505,3,0),"") | D605: =IFERROR(VLOOKUP(B:B,'SALDO ATUAL'!$A$3:$E1079,4,0),"")
C606: =IFERROR(VLOOKUP(B:B,'SALDO ATUAL'!$A$3:$E$505,3,0),"") | D606: =IFERROR(VLOOKUP(B:B,'SALDO ATUAL'!$A$3:$E1080,4,0),"")
C607: =IFERROR(VLOOKUP(B:B,'SALDO ATUAL'!$A$3:$E$505,3,0),"") | D607: =IFERROR(VLOOKUP(B:B,'SALDO ATUAL'!$A$3:$E1081,4,0),"")
C608: =IFERROR(VLOOKUP(B:B,'SALDO ATUAL'!$A$3:$E$505,3,0),"") | D608: =IFERROR(VLOOKUP(B:B,'SALDO ATUAL'!$A$3:$E1082,4,0),"")
C609: =IFERROR(VLOOKUP(B:B,'SALDO ATUAL'!$A$3:$E$505,3,0),"") | D609: =IFERROR(VLOOKUP(B:B,'SALDO ATUAL'!$A$3:$E1083,4,0),"")
C610: =IFERROR(VLOOKUP(B:B,'SALDO ATUAL'!$A$3:$E$505,3,0),"") | D610: =IFERROR(VLOOKUP(B:B,'SALDO ATUAL'!$A$3:$E1084,4,0),"")
C611: =IFERROR(VLOOKUP(B:B,'SALDO ATUAL'!$A$3:$E$505,3,0),"") | D611: =IFERROR(VLOOKUP(B:B,'SALDO ATUAL'!$A$3:$E1085,4,0),"")
C612: =IFERROR(VLOOKUP(B:B,'SALDO ATUAL'!$A$3:$E$505,3,0),"") | D612: =IFERROR(VLOOKUP(B:B,'SALDO ATUAL'!$A$3:$E1086,4,0),"")
C613: =IFERROR(VLOOKUP(B:B,'SALDO ATUAL'!$A$3:$E$505,3,0),"") | D613: =IFERROR(VLOOKUP(B:B,'SALDO ATUAL'!$A$3:$E1087,4,0),"")
C614: =IFERROR(VLOOKUP(B:B,'SALDO ATUAL'!$A$3:$E$505,3,0),"") | D614: =IFERROR(VLOOKUP(B:B,'SALDO ATUAL'!$A$3:$E1088,4,0),"")
C615: =IFERROR(VLOOKUP(B:B,'SALDO ATUAL'!$A$3:$E$505,3,0),"") | D615: =IFERROR(VLOOKUP(B:B,'SALDO ATUAL'!$A$3:$E1089,4,0),"")
... C647: =IFERROR(VLOOKUP(B:B,'SALDO ATUAL'!$A$3:$E$505,3,0),"") | D647: =IFERROR(VLOOKUP(B:B,'SALDO ATUAL'!$A$3:$E1121,4,0),"")
...

Sheet VALIDADES
A1: CONTROLE DE VALIDADE
A2: CÓD | B2: SITUAÇÃO | C2: NOME DO PRODUTO | D2: CATEGORIA | E2: UNIDADE | F2: FORNECEDOR | G2: LOTE | H2: QTD | I2: VALIDADE | J2: DISPOBILIDADE (DIAS) | L2: =TODAY() -> 46126 | N2: DIAS | O2: LEGENDA | P2: TOTAL DE PRODUTOS
B3: =IFERROR(VLOOKUP(A:A,'SALDO ATUAL'!$A$3:$E$238,2,0),"") | C3: =IFERROR(VLOOKUP(A:A,'SALDO ATUAL'!$A$3:$E$238,3,0),"") | D3: =IFERROR(VLOOKUP(A:A,'SALDO ATUAL'!$A$3:$E$238,4,0),"") | E3: =IFERROR(VLOOKUP(A:A,'SALDO ATUAL'!$A$3:$E$238,5,0),"") | F3: =IFERROR(VLOOKUP(A:A,'SALDO ATUAL'!$A$2:$F$238,6,0),"") | J3: =VALIDADES!$I3-$L$2 -> -46126 | N3: 30 | O3: VERMELHO | P3: =COUNTIF(J:J,"<="&N3) -> 178
B4: =IFERROR(VLOOKUP(A:A,'SALDO ATUAL'!$A$3:$E$238,2,0),"") | C4: =IFERROR(VLOOKUP(A:A,'SALDO ATUAL'!$A$3:$E$238,3,0),"") | D4: =IFERROR(VLOOKUP(A:A,'SALDO ATUAL'!$A$3:$E$238,4,0),"") | E4: =IFERROR(VLOOKUP(A:A,'SALDO ATUAL'!$A$3:$E$238,5,0),"") | F4: =IFERROR(VLOOKUP(A:A,'SALDO ATUAL'!$A$2:$F$238,6,0),"") | J4: =VALIDADES!$I4-$L$2 -> -46126 | N4: 60 | O4: LARANJA | P4: =COUNTIFS(J:J,">"&N3,J:J,"<="&N4) -> 0
B5: =IFERROR(VLOOKUP(A:A,'SALDO ATUAL'!$A$3:$E$238,2,0),"") | C5: =IFERROR(VLOOKUP(A:A,'SALDO ATUAL'!$A$3:$E$238,3,0),"") | D5: =IFERROR(VLOOKUP(A:A,'SALDO ATUAL'!$A$3:$E$238,4,0),"") | E5: =IFERROR(VLOOKUP(A:A,'SALDO ATUAL'!$A$3:$E$238,5,0),"") | F5: =IFERROR(VLOOKUP(A:A,'SALDO ATUAL'!$A$2:$F$238,6,0),"") | J5: =VALIDADES!$I5-$L$2 -> -46126
B6: =IFERROR(VLOOKUP(A:A,'SALDO ATUAL'!$A$3:$E$238,2,0),"") | C6: =IFERROR(VLOOKUP(A:A,'SALDO ATUAL'!$A$3:$E$238,3,0),"") | D6: =IFERROR(VLOOKUP(A:A,'SALDO ATUAL'!$A$3:$E$238,4,0),"") | E6: =IFERROR(VLOOKUP(A:A,'SALDO ATUAL'!$A$3:$E$238,5,0),"") | F6: =IFERROR(VLOOKUP(A:A,'SALDO ATUAL'!$A$2:$F$238,6,0),"") | J6: =VALIDADES!$I6-$L$2 -> -46126
B7: =IFERROR(VLOOKUP(A:A,'SALDO ATUAL'!$A$3:$E$238,2,0),"") | C7: =IFERROR(VLOOKUP(A:A,'SALDO ATUAL'!$A$3:$E$238,3,0),"") | D7: =IFERROR(VLOOKUP(A:A,'SALDO ATUAL'!$A$3:$E$238,4,0),"") | E7: =IFERROR(VLOOKUP(A:A,'SALDO ATUAL'!$A$3:$E$238,5,0),"") | F7: =IFERROR(VLOOKUP(A:A,'SALDO ATUAL'!$A$2:$F$238,6,0),"") | J7: =VALIDADES!$I7-$L$2 -> -46126
B8: =IFERROR(VLOOKUP(A:A,'SALDO ATUAL'!$A$3:$E$238,2,0),"") | C8: =IFERROR(VLOOKUP(A:A,'SALDO ATUAL'!$A$3:$E$238,3,0),"") | D8: =IFERROR(VLOOKUP(A:A,'SALDO ATUAL'!$A$3:$E$238,4,0),"") | E8: =IFERROR(VLOOKUP(A:A,'SALDO ATUAL'!$A$3:$E$238,5,0),"") | F8: =IFERROR(VLOOKUP(A:A,'SALDO ATUAL'!$A$2:$F$238,6,0),"") | J8: =VALIDADES!$I8-$L$2 -> -46126
B9: =IFERROR(VLOOKUP(A:A,'SALDO ATUAL'!$A$3:$E$238,2,0),"") | C9: =IFERROR(VLOOKUP(A:A,'SALDO ATUAL'!$A$3:$E$238,3,0),"") | D9: =IFERROR(VLOOKUP(A:A,'SALDO ATUAL'!$A$3:$E$238,4,0),"") | E9: =IFERROR(VLOOKUP(A:A,'SALDO ATUAL'!$A$3:$E$238,5,0),"") | F9: =IFERROR(VLOOKUP(A:A,'SALDO ATUAL'!$A$2:$F$238,6,0),"") | J9: =VALIDADES!$I9-$L$2 -> -46126
B10: =IFERROR(VLOOKUP(A:A,'SALDO ATUAL'!$A$3:$E$238,2,0),"") | C10: =IFERROR(VLOOKUP(A:A,'SALDO ATUAL'!$A$3:$E$238,3,0),"") | D10: =IFERROR(VLOOKUP(A:A,'SALDO ATUAL'!$A$3:$E$238,4,0),"") | E10: =IFERROR(VLOOKUP(A:A,'SALDO ATUAL'!$A$3:$E$238,5,0),"") | F10: =IFERROR(VLOOKUP(A:A,'SALDO ATUAL'!$A$2:$F$238,6,0),"") | J10: =VALIDADES!$I10-$L$2 -> -46126
B11: =IFERROR(VLOOKUP(A:A,'SALDO ATUAL'!$A$3:$E$238,2,0),"") | C11: =IFERROR(VLOOKUP(A:A,'SALDO ATUAL'!$A$3:$E$238,3,0),"") | D11: =IFERROR(VLOOKUP(A:A,'SALDO ATUAL'!$A$3:$E$238,4,0),"") | E11: =IFERROR(VLOOKUP(A:A,'SALDO ATUAL'!$A$3:$E$238,5,0),"") | F11: =IFERROR(VLOOKUP(A:A,'SALDO ATUAL'!$A$2:$F$238,6,0),"") | J11: =VALIDADES!$I11-$L$2 -> -46126
B12: =IFERROR(VLOOKUP(A:A,'SALDO ATUAL'!$A$3:$E$238,2,0),"") | C12: =IFERROR(VLOOKUP(A:A,'SALDO ATUAL'!$A$3:$E$238,3,0),"") | D12: =IFERROR(VLOOKUP(A:A,'SALDO ATUAL'!$A$3:$E$238,4,0),"") | E12: =IFERROR(VLOOKUP(A:A,'SALDO ATUAL'!$A$3:$E$238,5,0),"") | F12: =IFERROR(VLOOKUP(A:A,'SALDO ATUAL'!$A$2:$F$238,6,0),"") | J12: =VALIDADES!$I12-$L$2 -> -46126
B13: =IFERROR(VLOOKUP(A:A,'SALDO ATUAL'!$A$3:$E$238,2,0),"") | C13: =IFERROR(VLOOKUP(A:A,'SALDO ATUAL'!$A$3:$E$238,3,0),"") | D13: =IFERROR(VLOOKUP(A:A,'SALDO ATUAL'!$A$3:$E$238,4,0),"") | E13: =IFERROR(VLOOKUP(A:A,'SALDO ATUAL'!$A$3:$E$238,5,0),"") | F13: =IFERROR(VLOOKUP(A:A,'SALDO ATUAL'!$A$2:$F$238,6,0),"") | J13: =VALIDADES!$I13-$L$2 -> -46126
B14: =IFERROR(VLOOKUP(A:A,'SALDO ATUAL'!$A$3:$E$238,2,0),"") | C14: =IFERROR(VLOOKUP(A:A,'SALDO ATUAL'!$A$3:$E$238,3,0),"") | D14: =IFERROR(VLOOKUP(A:A,'SALDO ATUAL'!$A$3:$E$238,4,0),"") | E14: =IFERROR(VLOOKUP(A:A,'SALDO ATUAL'!$A$3:$E$238,5,0),"") | F14: =IFERROR(VLOOKUP(A:A,'SALDO ATUAL'!$A$2:$F$238,6,0),"") | J14: =VALIDADES!$I14-$L$2 -> -46126
B15: =IFERROR(VLOOKUP(A:A,'SALDO ATUAL'!$A$3:$E$238,2,0),"") | C15: =IFERROR(VLOOKUP(A:A,'SALDO ATUAL'!$A$3:$E$238,3,0),"") | D15: =IFERROR(VLOOKUP(A:A,'SALDO ATUAL'!$A$3:$E$238,4,0),"") | E15: =IFERROR(VLOOKUP(A:A,'SALDO ATUAL'!$A$3:$E$238,5,0),"") | F15: =IFERROR(VLOOKUP(A:A,'SALDO ATUAL'!$A$2:$F$238,6,0),"") | J15: =VALIDADES!$I15-$L$2 -> -46126
B16: =IFERROR(VLOOKUP(A:A,'SALDO ATUAL'!$A$3:$E$238,2,0),"") | C16: =IFERROR(VLOOKUP(A:A,'SALDO ATUAL'!$A$3:$E$238,3,0),"") | D16: =IFERROR(VLOOKUP(A:A,'SALDO ATUAL'!$A$3:$E$238,4,0),"") | E16: =IFERROR(VLOOKUP(A:A,'SALDO ATUAL'!$A$3:$E$238,5,0),"") | F16: =IFERROR(VLOOKUP(A:A,'SALDO ATUAL'!$A$2:$F$238,6,0),"") | J16: =VALIDADES!$I16-$L$2 -> -46126
... B24: =IFERROR(VLOOKUP(A:A,'SALDO ATUAL'!$A$3:$E$238,2,0),"") | C24: =IFERROR(VLOOKUP(A:A,'SALDO ATUAL'!$A$3:$E$238,3,0),"") | D24: =IFERROR(VLOOKUP(A:A,'SALDO ATUAL'!$A$3:$E$238,4,0),"") | E24: =IFERROR(VLOOKUP(A:A,'SALDO ATUAL'!$A$3:$E$238,5,0),"") | F24: =IFERROR(VLOOKUP(A:A,'SALDO ATUAL'!$A$2:$F$238,6,0),"") | J24: =VALIDADES!$I24-$L$2 -> -46126
A25: 24 | B25: =IFERROR(VLOOKUP(A:A,'SALDO ATUAL'!$A$3:$E$238,2,0),"") -> 0 | C25: =IFERROR(VLOOKUP(A:A,'SALDO ATUAL'!$A$3:$E$238,3,0),"") -> AH BELOTERO BALANCE | D25: =IFERROR(VLOOKUP(A:A,'SALDO ATUAL'!$A$3:$E$238,4,0),"") -> PREENCHEDOR | E25: =IFERROR(VLOOKUP(A:A,'SALDO ATUAL'!$A$3:$E$238,5,0),"") -> 023 - Mililitro | F25: =IFERROR(VLOOKUP(A:A,'SALDO ATUAL'!$A$2:$F$238,6,0),"") -> MERZ | G25: CAM28052402S | H25: 8 | I25: 45808 | J25: =VALIDADES!$I25-$L$2 -> -318
B26: =IFERROR(VLOOKUP(A:A,'SALDO ATUAL'!$A$3:$E$238,2,0),"") | C26: =IFERROR(VLOOKUP(A:A,'SALDO ATUAL'!$A$3:$E$238,3,0),"") | D26: =IFERROR(VLOOKUP(A:A,'SALDO ATUAL'!$A$3:$E$238,4,0),"") | E26: =IFERROR(VLOOKUP(A:A,'SALDO ATUAL'!$A$3:$E$238,5,0),"") | F26: =IFERROR(VLOOKUP(A:A,'SALDO ATUAL'!$A$2:$F$238,6,0),"") | J26: =VALIDADES!$I26-$L$2 -> -46126
B27: =IFERROR(VLOOKUP(A:A,'SALDO ATUAL'!$A$3:$E$238,2,0),"") | C27: =IFERROR(VLOOKUP(A:A,'SALDO ATUAL'!$A$3:$E$238,3,0),"") | D27: =IFERROR(VLOOKUP(A:A,'SALDO ATUAL'!$A$3:$E$238,4,0),"") | E27: =IFERROR(VLOOKUP(A:A,'SALDO ATUAL'!$A$3:$E$238,5,0),"") | F27: =IFERROR(VLOOKUP(A:A,'SALDO ATUAL'!$A$2:$F$238,6,0),"") | J27: =VALIDADES!$I27-$L$2 -> -46126
B28: =IFERROR(VLOOKUP(A:A,'SALDO ATUAL'!$A$3:$E$238,2,0),"") | C28: =IFERROR(VLOOKUP(A:A,'SALDO ATUAL'!$A$3:$E$238,3,0),"") | D28: =IFERROR(VLOOKUP(A:A,'SALDO ATUAL'!$A$3:$E$238,4,0),"") | E28: =IFERROR(VLOOKUP(A:A,'SALDO ATUAL'!$A$3:$E$238,5,0),"") | F28: =IFERROR(VLOOKUP(A:A,'SALDO ATUAL'!$A$2:$F$238,6,0),"") | J28: =VALIDADES!$I28-$L$2 -> -46126
B29: =IFERROR(VLOOKUP(A:A,'SALDO ATUAL'!$A$3:$E$238,2,0),"") | C29: =IFERROR(VLOOKUP(A:A,'SALDO ATUAL'!$A$3:$E$238,3,0),"") | D29: =IFERROR(VLOOKUP(A:A,'SALDO ATUAL'!$A$3:$E$238,4,0),"") | E29: =IFERROR(VLOOKUP(A:A,'SALDO ATUAL'!$A$3:$E$238,5,0),"") | F29: =IFERROR(VLOOKUP(A:A,'SALDO ATUAL'!$A$2:$F$238,6,0),"") | J29: =VALIDADES!$I29-$L$2 -> -46126
A30: 168 | B30: =IFERROR(VLOOKUP(A:A,'SALDO ATUAL'!$A$3:$E$238,2,0),"") | C30: =IFERROR(VLOOKUP(A:A,'SALDO ATUAL'!$A$3:$E$238,3,0),"") | D30: =IFERROR(VLOOKUP(A:A,'SALDO ATUAL'!$A$3:$E$238,4,0),"") | E30: =IFERROR(VLOOKUP(A:A,'SALDO ATUAL'!$A$3:$E$238,5,0),"") | F30: =IFERROR(VLOOKUP(A:A,'SALDO ATUAL'!$A$2:$F$238,6,0),"") | G30: A79142 | H30: 4 | I30: 45961 | J30: =VALIDADES!$I30-$L$2 -> -165
B31: =IFERROR(VLOOKUP(A:A,'SALDO ATUAL'!$A$3:$E$238,2,0),"") | C31: =IFERROR(VLOOKUP(A:A,'SALDO ATUAL'!$A$3:$E$238,3,0),"") | D31: =IFERROR(VLOOKUP(A:A,'SALDO ATUAL'!$A$3:$E$238,4,0),"") | E31: =IFERROR(VLOOKUP(A:A,'SALDO ATUAL'!$A$3:$E$238,5,0),"") | F31: =IFERROR(VLOOKUP(A:A,'SALDO ATUAL'!$A$2:$F$238,6,0),"") | J31: =VALIDADES!$I31-$L$2 -> -46126
B32: =IFERROR(VLOOKUP(A:A,'SALDO ATUAL'!$A$3:$E$238,2,0),"") | C32: =IFERROR(VLOOKUP(A:A,'SALDO ATUAL'!$A$3:$E$238,3,0),"") | D32: =IFERROR(VLOOKUP(A:A,'SALDO ATUAL'!$A$3:$E$238,4,0),"") | E32: =IFERROR(VLOOKUP(A:A,'SALDO ATUAL'!$A$3:$E$238,5,0),"") | F32: =IFERROR(VLOOKUP(A:A,'SALDO ATUAL'!$A$2:$F$238,6,0),"") | J32: =VALIDADES!$I32-$L$2 -> -46126
B33: =IFERROR(VLOOKUP(A:A,'SALDO ATUAL'!$A$3:$E$238,2,0),"") | C33: =IFERROR(VLOOKUP(A:A,'SALDO ATUAL'!$A$3:$E$238,3,0),"") | D33: =IFERROR(VLOOKUP(A:A,'SALDO ATUAL'!$A$3:$E$238,4,0),"") | E33: =IFERROR(VLOOKUP(A:A,'SALDO ATUAL'!$A$3:$E$238,5,0),"") | F33: =IFERROR(VLOOKUP(A:A,'SALDO ATUAL'!$A$2:$F$238,6,0),"") | J33: =VALIDADES!$I33-$L$2 -> -46126
B34: =IFERROR(VLOOKUP(A:A,'SALDO ATUAL'!$A$3:$E$238,2,0),"") | C34: =IFERROR(VLOOKUP(A:A,'SALDO ATUAL'!$A$3:$E$238,3,0),"") | D34: =IFERROR(VLOOKUP(A:A,'SALDO ATUAL'!$A$3:$E$238,4,0),"") | E34: =IFERROR(VLOOKUP(A:A,'SALDO ATUAL'!$A$3:$E$238,5,0),"") | F34: =IFERROR(VLOOKUP(A:A,'SALDO ATUAL'!$A$2:$F$238,6,0),"") | J34: =VALIDADES!$I34-$L$2 -> -46126
B35: =IFERROR(VLOOKUP(A:A,'SALDO ATUAL'!$A$3:$E$238,2,0),"") | C35: =IFERROR(VLOOKUP(A:A,'SALDO ATUAL'!$A$3:$E$238,3,0),"") | D35: =IFERROR(VLOOKUP(A:A,'SALDO ATUAL'!$A$3:$E$238,4,0),"") | E35: =IFERROR(VLOOKUP(A:A,'SALDO ATUAL'!$A$3:$E$238,5,0),"") | F35: =IFERROR(VLOOKUP(A:A,'SALDO ATUAL'!$A$2:$F$238,6,0),"") | J35: =VALIDADES!$I35-$L$2 -> -46126
B36: =IFERROR(VLOOKUP(A:A,'SALDO ATUAL'!$A$3:$E$238,2,0),"") | C36: =IFERROR(VLOOKUP(A:A,'SALDO ATUAL'!$A$3:$E$238,3,0),"") | D36: =IFERROR(VLOOKUP(A:A,'SALDO ATUAL'!$A$3:$E$238,4,0),"") | E36: =IFERROR(VLOOKUP(A:A,'SALDO ATUAL'!$A$3:$E$238,5,0),"") | F36: =IFERROR(VLOOKUP(A:A,'SALDO ATUAL'!$A$2:$F$238,6,0),"") | J36: =VALIDADES!$I36-$L$2 -> -46126
B37: =IFERROR(VLOOKUP(A:A,'SALDO ATUAL'!$A$3:$E$238,2,0),"") | C37: =IFERROR(VLOOKUP(A:A,'SALDO ATUAL'!$A$3:$E$238,3,0),"") | D37: =IFERROR(VLOOKUP(A:A,'SALDO ATUAL'!$A$3:$E$238,4,0),"") | E37: =IFERROR(VLOOKUP(A:A,'SALDO ATUAL'!$A$3:$E$238,5,0),"") | F37: =IFERROR(VLOOKUP(A:A,'SALDO ATUAL'!$A$2:$F$238,6,0),"") | J37: =VALIDADES!$I37-$L$2 -> -46126
B38: =IFERROR(VLOOKUP(A:A,'SALDO ATUAL'!$A$3:$E$238,2,0),"") | C38: =IFERROR(VLOOKUP(A:A,'SALDO ATUAL'!$A$3:$E$238,3,0),"") | D38: =IFERROR(VLOOKUP(A:A,'SALDO ATUAL'!$A$3:$E$238,4,0),"") | E38: =IFERROR(VLOOKUP(A:A,'SALDO ATUAL'!$A$3:$E$238,5,0),"") | F38: =IFERROR(VLOOKUP(A:A,'SALDO ATUAL'!$A$2:$F$238,6,0),"") | J38: =VALIDADES!$I38-$L$2 -> -46126
A39: 243 | B39: =IFERROR(VLOOKUP(A:A,'SALDO ATUAL'!$A$3:$E$238,2,0),"") -> 0 | C39: =IFERROR(VLOOKUP(A:A,'SALDO ATUAL'!$A$3:$E$238,3,0),"") -> MINOXIDIL HEALTH TECH | D39: =IFERROR(VLOOKUP(A:A,'SALDO ATUAL'!$A$3:$E$238,4,0),"") -> ATIVOS | E39: =IFERROR(VLOOKUP(A:A,'SALDO ATUAL'!$A$3:$E$238,5,0),"") -> 0 | F39: =IFERROR(VLOOKUP(A:A,'SALDO ATUAL'!$A$2:$F$238,6,0),"") -> 0 | J39: =VALIDADES!$I39-$L$2 -> -46126
A40: 244 | B40: =IFERROR(VLOOKUP(A:A,'SALDO ATUAL'!$A$3:$E$238,2,0),"") -> 0 | C40: =IFERROR(VLOOKUP(A:A,'SALDO ATUAL'!$A$3:$E$238,3,0),"") -> MINOXIDIL VICTA | D40: =IFERROR(VLOOKUP(A:A,'SALDO ATUAL'!$A$3:$E$238,4,0),"") -> ATIVOS | E40: =IFERROR(VLOOKUP(A:A,'SALDO ATUAL'!$A$3:$E$238,5,0),"") -> 0 | F40: =IFERROR(VLOOKUP(A:A,'SALDO ATUAL'!$A$2:$F$238,6,0),"") -> 0 | J40: =VALIDADES!$I40-$L$2 -> -46126
A41: 245 | B41: =IFERROR(VLOOKUP(A:A,'SALDO ATUAL'!$A$3:$E$238,2,0),"") -> 0 | C41: =IFERROR(VLOOKUP(A:A,'SALDO ATUAL'!$A$3:$E$238,3,0),"") -> NCPR/NCTF TOSKANI | D41: =IFERROR(VLOOKUP(A:A,'SALDO ATUAL'!$A$3:$E$238,4,0),"") -> ATIVOS | E41: =IFERROR(VLOOKUP(A:A,'SALDO ATUAL'!$A$3:$E$238,5,0),"") -> 0 | F41: =IFERROR(VLOOKUP(A:A,'SALDO ATUAL'!$A$2:$F$238,6,0),"") -> 0 | J41: =VALIDADES!$I41-$L$2 -> -46126
B42: =IFERROR(VLOOKUP(A:A,'SALDO ATUAL'!$A$3:$E$238,2,0),"") | C42: =IFERROR(VLOOKUP(A:A,'SALDO ATUAL'!$A$3:$E$238,3,0),"") | D42: =IFERROR(VLOOKUP(A:A,'SALDO ATUAL'!$A$3:$E$238,4,0),"") | E42: =IFERROR(VLOOKUP(A:A,'SALDO ATUAL'!$A$3:$E$238,5,0),"") | F42: =IFERROR(VLOOKUP(A:A,'SALDO ATUAL'!$A$2:$F$238,6,0),"") | J42: =VALIDADES!$I42-$L$2 -> -46126
B43: =IFERROR(VLOOKUP(A:A,'SALDO ATUAL'!$A$3:$E$238,2,0),"") | C43: =IFERROR(VLOOKUP(A:A,'SALDO ATUAL'!$A$3:$E$238,3,0),"") | D43: =IFERROR(VLOOKUP(A:A,'SALDO ATUAL'!$A$3:$E$238,4,0),"") | E43: =IFERROR(VLOOKUP(A:A,'SALDO ATUAL'!$A$3:$E$238,5,0),"") | F43: =IFERROR(VLOOKUP(A:A,'SALDO ATUAL'!$A$2:$F$238,6,0),"") | J43: =VALIDADES!$I43-$L$2 -> -46126
B44: =IFERROR(VLOOKUP(A:A,'SALDO ATUAL'!$A$3:$E$238,2,0),"") | C44: =IFERROR(VLOOKUP(A:A,'SALDO ATUAL'!$A$3:$E$238,3,0),"") | D44: =IFERROR(VLOOKUP(A:A,'SALDO ATUAL'!$A$3:$E$238,4,0),"") | E44: =IFERROR(VLOOKUP(A:A,'SALDO ATUAL'!$A$3:$E$238,5,0),"") | F44: =IFERROR(VLOOKUP(A:A,'SALDO ATUAL'!$A$2:$F$238,6,0),"") | J44: =VALIDADES!$I44-$L$2 -> -46126
B45: =IFERROR(VLOOKUP(A:A,'SALDO ATUAL'!$A$3:$E$238,2,0),"") | C45: =IFERROR(VLOOKUP(A:A,'SALDO ATUAL'!$A$3:$E$238,3,0),"") | D45: =IFERROR(VLOOKUP(A:A,'SALDO ATUAL'!$A$3:$E$238,4,0),"") | E45: =IFERROR(VLOOKUP(A:A,'SALDO ATUAL'!$A$3:$E$238,5,0),"") | F45: =IFERROR(VLOOKUP(A:A,'SALDO ATUAL'!$A$2:$F$238,6,0),"") | J45: =VALIDADES!$I45-$L$2 -> -46126
B46: =IFERROR(VLOOKUP(A:A,'SALDO ATUAL'!$A$3:$E$238,2,0),"") | C46: =IFERROR(VLOOKUP(A:A,'SALDO ATUAL'!$A$3:$E$238,3,0),"") | D46: =IFERROR(VLOOKUP(A:A,'SALDO ATUAL'!$A$3:$E$238,4,0),"") | E46: =IFERROR(VLOOKUP(A:A,'SALDO ATUAL'!$A$3:$E$238,5,0),"") | F46: =IFERROR(VLOOKUP(A:A,'SALDO ATUAL'!$A$2:$F$238,6,0),"") | J46: =VALIDADES!$I46-$L$2 -> -46126
B47: =IFERROR(VLOOKUP(A:A,'SALDO ATUAL'!$A$3:$E$238,2,0),"") | C47: =IFERROR(VLOOKUP(A:A,'SALDO ATUAL'!$A$3:$E$238,3,0),"") | D47: =IFERROR(VLOOKUP(A:A,'SALDO ATUAL'!$A$3:$E$238,4,0),"") | E47: =IFERROR(VLOOKUP(A:A,'SALDO ATUAL'!$A$3:$E$238,5,0),"") | F47: =IFERROR(VLOOKUP(A:A,'SALDO ATUAL'!$A$2:$F$238,6,0),"") | J47: =VALIDADES!$I47-$L$2 -> -46126
B48: =IFERROR(VLOOKUP(A:A,'SALDO ATUAL'!$A$3:$E$238,2,0),"") | C48: =IFERROR(VLOOKUP(A:A,'SALDO ATUAL'!$A$3:$E$238,3,0),"") | D48: =IFERROR(VLOOKUP(A:A,'SALDO ATUAL'!$A$3:$E$238,4,0),"") | E48: =IFERROR(VLOOKUP(A:A,'SALDO ATUAL'!$A$3:$E$238,5,0),"") | F48: =IFERROR(VLOOKUP(A:A,'SALDO ATUAL'!$A$2:$F$238,6,0),"") | J48: =VALIDADES!$I48-$L$2 -> -46126
B49: =IFERROR(VLOOKUP(A:A,'SALDO ATUAL'!$A$3:$E$238,2,0),"") | C49: =IFERROR(VLOOKUP(A:A,'SALDO ATUAL'!$A$3:$E$238,3,0),"") | D49: =IFERROR(VLOOKUP(A:A,'SALDO ATUAL'!$A$3:$E$238,4,0),"") | E49: =IFERROR(VLOOKUP(A:A,'SALDO ATUAL'!$A$3:$E$238,5,0),"") | F49: =IFERROR(VLOOKUP(A:A,'SALDO ATUAL'!$A$2:$F$238,6,0),"") | J49: =VALIDADES!$I49-$L$2 -> -46126
A50: 225 | B50: =IFERROR(VLOOKUP(A:A,'SALDO ATUAL'!$A$3:$E$238,2,0),"") -> 0 | C50: =IFERROR(VLOOKUP(A:A,'SALDO ATUAL'!$A$3:$E$238,3,0),"") -> MÁSCARA C/ ELÁSTICO BRANCA SPK | D50: =IFERROR(VLOOKUP(A:A,'SALDO ATUAL'!$A$3:$E$238,4,0),"") -> MATERIAIS DESCARTÁVEIS E APOIO | E50: =IFERROR(VLOOKUP(A:A,'SALDO ATUAL'!$A$3:$E$238,5,0),"") -> 0 | F50: =IFERROR(VLOOKUP(A:A,'SALDO ATUAL'!$A$2:$F$238,6,0),"") -> 0 | I50: 45565 | J50: =VALIDADES!$I50-$L$2 -> -561
B51: =IFERROR(VLOOKUP(A:A,'SALDO ATUAL'!$A$3:$E$238,2,0),"") | C51: =IFERROR(VLOOKUP(A:A,'SALDO ATUAL'!$A$3:$E$238,3,0),"") | D51: =IFERROR(VLOOKUP(A:A,'SALDO ATUAL'!$A$3:$E$238,4,0),"") | E51: =IFERROR(VLOOKUP(A:A,'SALDO ATUAL'!$A$3:$E$238,5,0),"") | F51: =IFERROR(VLOOKUP(A:A,'SALDO ATUAL'!$A$2:$F$238,6,0),"") | J51: =VALIDADES!$I51-$L$2 -> -46126
B52: =IFERROR(VLOOKUP(A:A,'SALDO ATUAL'!$A$3:$E$238,2,0),"") | C52: =IFERROR(VLOOKUP(A:A,'SALDO ATUAL'!$A$3:$E$238,3,0),"") | D52: =IFERROR(VLOOKUP(A:A,'SALDO ATUAL'!$A$3:$E$238,4,0),"") | E52: =IFERROR(VLOOKUP(A:A,'SALDO ATUAL'!$A$3:$E$238,5,0),"") | F52: =IFERROR(VLOOKUP(A:A,'SALDO ATUAL'!$A$2:$F$238,6,0),"") | J52: =VALIDADES!$I52-$L$2 -> -46126
B53: =IFERROR(VLOOKUP(A:A,'SALDO ATUAL'!$A$3:$E$238,2,0),"") | C53: =IFERROR(VLOOKUP(A:A,'SALDO ATUAL'!$A$3:$E$238,3,0),"") | D53: =IFERROR(VLOOKUP(A:A,'SALDO ATUAL'!$A$3:$E$238,4,0),"") | E53: =IFERROR(VLOOKUP(A:A,'SALDO ATUAL'!$A$3:$E$238,5,0),"") | F53: =IFERROR(VLOOKUP(A:A,'SALDO ATUAL'!$A$2:$F$238,6,0),"") | J53: =VALIDADES!$I53-$L$2 -> -46126
A54: 356 | B54: =IFERROR(VLOOKUP(A:A,'SALDO ATUAL'!$A$3:$E$238,2,0),"") | C54: =IFERROR(VLOOKUP(A:A,'SALDO ATUAL'!$A$3:$E$238,3,0),"") | D54: =IFERROR(VLOOKUP(A:A,'SALDO ATUAL'!$A$3:$E$238,4,0),"") | E54: =IFERROR(VLOOKUP(A:A,'SALDO ATUAL'!$A$3:$E$238,5,0),"") | F54: =IFERROR(VLOOKUP(A:A,'SALDO ATUAL'!$A$2:$F$238,6,0),"") | G54: 1155 | H54: 40 | I54: 45838 | J54: =VALIDADES!$I54-$L$2 -> -288
B55: =IFERROR(VLOOKUP(A:A,'SALDO ATUAL'!$A$3:$E$238,2,0),"") | C55: =IFERROR(VLOOKUP(A:A,'SALDO ATUAL'!$A$3:$E$238,3,0),"") | D55: =IFERROR(VLOOKUP(A:A,'SALDO ATUAL'!$A$3:$E$238,4,0),"") | E55: =IFERROR(VLOOKUP(A:A,'SALDO ATUAL'!$A$3:$E$238,5,0),"") | F55: =IFERROR(VLOOKUP(A:A,'SALDO ATUAL'!$A$2:$F$238,6,0),"") | J55: =VALIDADES!$I55-$L$2 -> -46126
B56: =IFERROR(VLOOKUP(A:A,'SALDO ATUAL'!$A$3:$E$238,2,0),"") | C56: =IFERROR(VLOOKUP(A:A,'SALDO ATUAL'!$A$3:$E$238,3,0),"") | D56: =IFERROR(VLOOKUP(A:A,'SALDO ATUAL'!$A$3:$E$238,4,0),"") | E56: =IFERROR(VLOOKUP(A:A,'SALDO ATUAL'!$A$3:$E$238,5,0),"") | F56: =IFERROR(VLOOKUP(A:A,'SALDO ATUAL'!$A$2:$F$238,6,0),"") | J56: =VALIDADES!$I56-$L$2 -> -46126
B57: =IFERROR(VLOOKUP(A:A,'SALDO ATUAL'!$A$3:$E$238,2,0),"") | C57: =IFERROR(VLOOKUP(A:A,'SALDO ATUAL'!$A$3:$E$238,3,0),"") | D57: =IFERROR(VLOOKUP(A:A,'SALDO ATUAL'!$A$3:$E$238,4,0),"") | E57: =IFERROR(VLOOKUP(A:A,'SALDO ATUAL'!$A$3:$E$238,5,0),"") | F57: =IFERROR(VLOOKUP(A:A,'SALDO ATUAL'!$A$2:$F$238,6,0),"") | J57: =VALIDADES!$I57-$L$2 -> -46126
B58: =IFERROR(VLOOKUP(A:A,'SALDO ATUAL'!$A$3:$E$238,2,0),"") | C58: =IFERROR(VLOOKUP(A:A,'SALDO ATUAL'!$A$3:$E$238,3,0),"") | D58: =IFERROR(VLOOKUP(A:A,'SALDO ATUAL'!$A$3:$E$238,4,0),"") | E58: =IFERROR(VLOOKUP(A:A,'SALDO ATUAL'!$A$3:$E$238,5,0),"") | F58: =IFERROR(VLOOKUP(A:A,'SALDO ATUAL'!$A$2:$F$238,6,0),"") | J58: =VALIDADES!$I58-$L$2 -> -46126
A59: 353 | B59: =IFERROR(VLOOKUP(A:A,'SALDO ATUAL'!$A$3:$E$238,2,0),"") | C59: =IFERROR(VLOOKUP(A:A,'SALDO ATUAL'!$A$3:$E$238,3,0),"") | D59: =IFERROR(VLOOKUP(A:A,'SALDO ATUAL'!$A$3:$E$238,4,0),"") | E59: =IFERROR(VLOOKUP(A:A,'SALDO ATUAL'!$A$3:$E$238,5,0),"") | F59: =IFERROR(VLOOKUP(A:A,'SALDO ATUAL'!$A$2:$F$238,6,0),"") | G59: 1151 | H59: 15 | I59: 45838 | J59: =VALIDADES!$I59-$L$2 -> -288
B60: =IFERROR(VLOOKUP(A:A,'SALDO ATUAL'!$A$3:$E$238,2,0),"") | C60: =IFERROR(VLOOKUP(A:A,'SALDO ATUAL'!$A$3:$E$238,3,0),"") | D60: =IFERROR(VLOOKUP(A:A,'SALDO ATUAL'!$A$3:$E$238,4,0),"") | E60: =IFERROR(VLOOKUP(A:A,'SALDO ATUAL'!$A$3:$E$238,5,0),"") | F60: =IFERROR(VLOOKUP(A:A,'SALDO ATUAL'!$A$2:$F$238,6,0),"") | J60: =VALIDADES!$I60-$L$2 -> -46126
B61: =IFERROR(VLOOKUP(A:A,'SALDO ATUAL'!$A$3:$E$238,2,0),"") | C61: =IFERROR(VLOOKUP(A:A,'SALDO ATUAL'!$A$3:$E$238,3,0),"") | D61: =IFERROR(VLOOKUP(A:A,'SALDO ATUAL'!$A$3:$E$238,4,0),"") | E61: =IFERROR(VLOOKUP(A:A,'SALDO ATUAL'!$A$3:$E$238,5,0),"") | F61: =IFERROR(VLOOKUP(A:A,'SALDO ATUAL'!$A$2:$F$238,6,0),"") | J61: =VALIDADES!$I61-$L$2 -> -46126
B62: =IFERROR(VLOOKUP(A:A,'SALDO ATUAL'!$A$3:$E$238,2,0),"") | C62: =IFERROR(VLOOKUP(A:A,'SALDO ATUAL'!$A$3:$E$238,3,0),"") | D62: =IFERROR(VLOOKUP(A:A,'SALDO ATUAL'!$A$3:$E$238,4,0),"") | E62: =IFERROR(VLOOKUP(A:A,'SALDO ATUAL'!$A$3:$E$238,5,0),"") | F62: =IFERROR(VLOOKUP(A:A,'SALDO ATUAL'!$A$2:$F$238,6,0),"") | J62: =VALIDADES!$I62-$L$2 -> -46126
B63: =IFERROR(VLOOKUP(A:A,'SALDO ATUAL'!$A$3:$E$238,2,0),"") | C63: =IFERROR(VLOOKUP(A:A,'SALDO ATUAL'!$A$3:$E$238,3,0),"") | D63: =IFERROR(VLOOKUP(A:A,'SALDO ATUAL'!$A$3:$E$238,4,0),"") | E63: =IFERROR(VLOOKUP(A:A,'SALDO ATUAL'!$A$3:$E$238,5,0),"") | F63: =IFERROR(VLOOKUP(A:A,'SALDO ATUAL'!$A$2:$F$238,6,0),"") | J63: =VALIDADES!$I63-$L$2 -> -46126
B64: =IFERROR(VLOOKUP(A:A,'SALDO ATUAL'!$A$3:$E$238,2,0),"") | C64: =IFERROR(VLOOKUP(A:A,'SALDO ATUAL'!$A$3:$E$238,3,0),"") | D64: =IFERROR(VLOOKUP(A:A,'SALDO ATUAL'!$A$3:$E$238,4,0),"") | E64: =IFERROR(VLOOKUP(A:A,'SALDO ATUAL'!$A$3:$E$238,5,0),"") | F64: =IFERROR(VLOOKUP(A:A,'SALDO ATUAL'!$A$2:$F$238,6,0),"") | J64: =VALIDADES!$I64-$L$2 -> -46126
B65: =IFERROR(VLOOKUP(A:A,'SALDO ATUAL'!$A$3:$E$238,2,0),"") | C65: =IFERROR(VLOOKUP(A:A,'SALDO ATUAL'!$A$3:$E$238,3,0),"") | D65: =IFERROR(VLOOKUP(A:A,'SALDO ATUAL'!$A$3:$E$238,4,0),"") | E65: =IFERROR(VLOOKUP(A:A,'SALDO ATUAL'!$A$3:$E$238,5,0),"") | F65: =IFERROR(VLOOKUP(A:A,'SALDO ATUAL'!$A$2:$F$238,6,0),"") | J65: =VALIDADES!$I65-$L$2 -> -46126
B66: =IFERROR(VLOOKUP(A:A,'SALDO ATUAL'!$A$3:$E$238,2,0),"") | C66: =IFERROR(VLOOKUP(A:A,'SALDO ATUAL'!$A$3:$E$238,3,0),"") | D66: =IFERROR(VLOOKUP(A:A,'SALDO ATUAL'!$A$3:$E$238,4,0),"") | E66: =IFERROR(VLOOKUP(A:A,'SALDO ATUAL'!$A$3:$E$238,5,0),"") | F66: =IFERROR(VLOOKUP(A:A,'SALDO ATUAL'!$A$2:$F$238,6,0),"") | J66: =VALIDADES!$I66-$L$2 -> -46126
B67: =IFERROR(VLOOKUP(A:A,'SALDO ATUAL'!$A$3:$E$238,2,0),"") | C67: =IFERROR(VLOOKUP(A:A,'SALDO ATUAL'!$A$3:$E$238,3,0),"") | D67: =IFERROR(VLOOKUP(A:A,'SALDO ATUAL'!$A$3:$E$238,4,0),"") | E67: =IFERROR(VLOOKUP(A:A,'SALDO ATUAL'!$A$3:$E$238,5,0),"") | F67: =IFERROR(VLOOKUP(A:A,'SALDO ATUAL'!$A$2:$F$238,6,0),"") | J67: =VALIDADES!$I67-$L$2 -> -46126
B68: =IFERROR(VLOOKUP(A:A,'SALDO ATUAL'!$A$3:$E$238,2,0),"") | C68: =IFERROR(VLOOKUP(A:A,'SALDO ATUAL'!$A$3:$E$238,3,0),"") | D68: =IFERROR(VLOOKUP(A:A,'SALDO ATUAL'!$A$3:$E$238,4,0),"") | E68: =IFERROR(VLOOKUP(A:A,'SALDO ATUAL'!$A$3:$E$238,5,0),"") | F68: =IFERROR(VLOOKUP(A:A,'SALDO ATUAL'!$A$2:$F$238,6,0),"") | J68: =VALIDADES!$I68-$L$2 -> -46126
B69: =IFERROR(VLOOKUP(A:A,'SALDO ATUAL'!$A$3:$E$238,2,0),"") | C69: =IFERROR(VLOOKUP(A:A,'SALDO ATUAL'!$A$3:$E$238,3,0),"") | D69: =IFERROR(VLOOKUP(A:A,'SALDO ATUAL'!$A$3:$E$238,4,0),"") | E69: =IFERROR(VLOOKUP(A:A,'SALDO ATUAL'!$A$3:$E$238,5,0),"") | F69: =IFERROR(VLOOKUP(A:A,'SALDO ATUAL'!$A$2:$F$238,6,0),"") | J69: =VALIDADES!$I69-$L$2 -> -46126
B70: =IFERROR(VLOOKUP(A:A,'SALDO ATUAL'!$A$3:$E$238,2,0),"") | C70: =IFERROR(VLOOKUP(A:A,'SALDO ATUAL'!$A$3:$E$238,3,0),"") | D70: =IFERROR(VLOOKUP(A:A,'SALDO ATUAL'!$A$3:$E$238,4,0),"") | E70: =IFERROR(VLOOKUP(A:A,'SALDO ATUAL'!$A$3:$E$238,5,0),"") | F70: =IFERROR(VLOOKUP(A:A,'SALDO ATUAL'!$A$2:$F$238,6,0),"") | J70: =VALIDADES!$I70-$L$2 -> -46126
B71: =IFERROR(VLOOKUP(A:A,'SALDO ATUAL'!$A$3:$E$238,2,0),"") | C71: =IFERROR(VLOOKUP(A:A,'SALDO ATUAL'!$A$3:$E$238,3,0),"") | D71: =IFERROR(VLOOKUP(A:A,'SALDO ATUAL'!$A$3:$E$238,4,0),"") | E71: =IFERROR(VLOOKUP(A:A,'SALDO ATUAL'!$A$3:$E$238,5,0),"") | F71: =IFERROR(VLOOKUP(A:A,'SALDO ATUAL'!$A$2:$F$238,6,0),"") | J71: =VALIDADES!$I71-$L$2 -> -46126
B72: =IFERROR(VLOOKUP(A:A,'SALDO ATUAL'!$A$3:$E$238,2,0),"") | C72: =IFERROR(VLOOKUP(A:A,'SALDO ATUAL'!$A$3:$E$238,3,0),"") | D72: =IFERROR(VLOOKUP(A:A,'SALDO ATUAL'!$A$3:$E$238,4,0),"") | E72: =IFERROR(VLOOKUP(A:A,'SALDO ATUAL'!$A$3:$E$238,5,0),"") | F72: =IFERROR(VLOOKUP(A:A,'SALDO ATUAL'!$A$2:$F$238,6,0),"") | J72: =VALIDADES!$I72-$L$2 -> -46126
A73: 168 | B73: =IFERROR(VLOOKUP(A:A,'SALDO ATUAL'!$A$3:$E$238,2,0),"") | C73: =IFERROR(VLOOKUP(A:A,'SALDO ATUAL'!$A$3:$E$238,3,0),"") | D73: =IFERROR(VLOOKUP(A:A,'SALDO ATUAL'!$A$3:$E$238,4,0),"") | E73: =IFERROR(VLOOKUP(A:A,'SALDO ATUAL'!$A$3:$E$238,5,0),"") | F73: =IFERROR(VLOOKUP(A:A,'SALDO ATUAL'!$A$2:$F$238,6,0),"") | G73: A59153 | H73: 3 | I73: 45716 | J73: =VALIDADES!$I73-$L$2 -> -410
B74: =IFERROR(VLOOKUP(A:A,'SALDO ATUAL'!$A$3:$E$238,2,0),"") | C74: =IFERROR(VLOOKUP(A:A,'SALDO ATUAL'!$A$3:$E$238,3,0),"") | D74: =IFERROR(VLOOKUP(A:A,'SALDO ATUAL'!$A$3:$E$238,4,0),"") | E74: =IFERROR(VLOOKUP(A:A,'SALDO ATUAL'!$A$3:$E$238,5,0),"") | F74: =IFERROR(VLOOKUP(A:A,'SALDO ATUAL'!$A$2:$F$238,6,0),"") | J74: =VALIDADES!$I74-$L$2 -> -46126
B75: =IFERROR(VLOOKUP(A:A,'SALDO ATUAL'!$A$3:$E$238,2,0),"") | C75: =IFERROR(VLOOKUP(A:A,'SALDO ATUAL'!$A$3:$E$238,3,0),"") | D75: =IFERROR(VLOOKUP(A:A,'SALDO ATUAL'!$A$3:$E$238,4,0),"") | E75: =IFERROR(VLOOKUP(A:A,'SALDO ATUAL'!$A$3:$E$238,5,0),"") | F75: =IFERROR(VLOOKUP(A:A,'SALDO ATUAL'!$A$2:$F$238,6,0),"") | J75: =VALIDADES!$I75-$L$2 -> -46126
B76: =IFERROR(VLOOKUP(A:A,'SALDO ATUAL'!$A$3:$E$238,2,0),"") | C76: =IFERROR(VLOOKUP(A:A,'SALDO ATUAL'!$A$3:$E$238,3,0),"") | D76: =IFERROR(VLOOKUP(A:A,'SALDO ATUAL'!$A$3:$E$238,4,0),"") | E76: =IFERROR(VLOOKUP(A:A,'SALDO ATUAL'!$A$3:$E$238,5,0),"") | F76: =IFERROR(VLOOKUP(A:A,'SALDO ATUAL'!$A$2:$F$238,6,0),"") | J76: =VALIDADES!$I76-$L$2 -> -46126
B77: =IFERROR(VLOOKUP(A:A,'SALDO ATUAL'!$A$3:$E$238,2,0),"") | C77: =IFERROR(VLOOKUP(A:A,'SALDO ATUAL'!$A$3:$E$238,3,0),"") | D77: =IFERROR(VLOOKUP(A:A,'SALDO ATUAL'!$A$3:$E$238,4,0),"") | E77: =IFERROR(VLOOKUP(A:A,'SALDO ATUAL'!$A$3:$E$238,5,0),"") | F77: =IFERROR(VLOOKUP(A:A,'SALDO ATUAL'!$A$2:$F$238,6,0),"") | J77: =VALIDADES!$I77-$L$2 -> -46126
B78: =IFERROR(VLOOKUP(A:A,'SALDO ATUAL'!$A$3:$E$238,2,0),"") | C78: =IFERROR(VLOOKUP(A:A,'SALDO ATUAL'!$A$3:$E$238,3,0),"") | D78: =IFERROR(VLOOKUP(A:A,'SALDO ATUAL'!$A$3:$E$238,4,0),"") | E78: =IFERROR(VLOOKUP(A:A,'SALDO ATUAL'!$A$3:$E$238,5,0),"") | F78: =IFERROR(VLOOKUP(A:A,'SALDO ATUAL'!$A$2:$F$238,6,0),"") | J78: =VALIDADES!$I78-$L$2 -> -46126
B79: =IFERROR(VLOOKUP(A:A,'SALDO ATUAL'!$A$3:$E$238,2,0),"") | C79: =IFERROR(VLOOKUP(A:A,'SALDO ATUAL'!$A$3:$E$238,3,0),"") | D79: =IFERROR(VLOOKUP(A:A,'SALDO ATUAL'!$A$3:$E$238,4,0),"") | E79: =IFERROR(VLOOKUP(A:A,'SALDO ATUAL'!$A$3:$E$238,5,0),"") | F79: =IFERROR(VLOOKUP(A:A,'SALDO ATUAL'!$A$2:$F$238,6,0),"") | J79: =VALIDADES!$I79-$L$2 -> -46126
B80: =IFERROR(VLOOKUP(A:A,'SALDO ATUAL'!$A$3:$E$238,2,0),"") | C80: =IFERROR(VLOOKUP(A:A,'SALDO ATUAL'!$A$3:$E$238,3,0),"") | D80: =IFERROR(VLOOKUP(A:A,'SALDO ATUAL'!$A$3:$E$238,4,0),"") | E80: =IFERROR(VLOOKUP(A:A,'SALDO ATUAL'!$A$3:$E$238,5,0),"") | F80: =IFERROR(VLOOKUP(A:A,'SALDO ATUAL'!$A$2:$F$238,6,0),"") | J80: =VALIDADES!$I80-$L$2 -> -46126
B81: =IFERROR(VLOOKUP(A:A,'SALDO ATUAL'!$A$3:$E$238,2,0),"") | C81: =IFERROR(VLOOKUP(A:A,'SALDO ATUAL'!$A$3:$E$238,3,0),"") | D81: =IFERROR(VLOOKUP(A:A,'SALDO ATUAL'!$A$3:$E$238,4,0),"") | E81: =IFERROR(VLOOKUP(A:A,'SALDO ATUAL'!$A$3:$E$238,5,0),"") | F81: =IFERROR(VLOOKUP(A:A,'SALDO ATUAL'!$A$2:$F$238,6,0),"") | J81: =VALIDADES!$I81-$L$2 -> -46126
B82: =IFERROR(VLOOKUP(A:A,'SALDO ATUAL'!$A$3:$E$238,2,0),"") | C82: =IFERROR(VLOOKUP(A:A,'SALDO ATUAL'!$A$3:$E$238,3,0),"") | D82: =IFERROR(VLOOKUP(A:A,'SALDO ATUAL'!$A$3:$E$238,4,0),"") | E82: =IFERROR(VLOOKUP(A:A,'SALDO ATUAL'!$A$3:$E$238,5,0),"") | F82: =IFERROR(VLOOKUP(A:A,'SALDO ATUAL'!$A$2:$F$238,6,0),"") | J82: =VALIDADES!$I82-$L$2 -> -46126
B83: =IFERROR(VLOOKUP(A:A,'SALDO ATUAL'!$A$3:$E$238,2,0),"") | C83: =IFERROR(VLOOKUP(A:A,'SALDO ATUAL'!$A$3:$E$238,3,0),"") | D83: =IFERROR(VLOOKUP(A:A,'SALDO ATUAL'!$A$3:$E$238,4,0),"") | E83: =IFERROR(VLOOKUP(A:A,'SALDO ATUAL'!$A$3:$E$238,5,0),"") | F83: =IFERROR(VLOOKUP(A:A,'SALDO ATUAL'!$A$2:$F$238,6,0),"") | J83: =VALIDADES!$I83-$L$2 -> -46126
B84: =IFERROR(VLOOKUP(A:A,'SALDO ATUAL'!$A$3:$E$238,2,0),"") | C84: =IFERROR(VLOOKUP(A:A,'SALDO ATUAL'!$A$3:$E$238,3,0),"") | D84: =IFERROR(VLOOKUP(A:A,'SALDO ATUAL'!$A$3:$E$238,4,0),"") | E84: =IFERROR(VLOOKUP(A:A,'SALDO ATUAL'!$A$3:$E$238,5,0),"") | F84: =IFERROR(VLOOKUP(A:A,'SALDO ATUAL'!$A$2:$F$238,6,0),"") | J84: =VALIDADES!$I84-$L$2 -> -46126
B85: =IFERROR(VLOOKUP(A:A,'SALDO ATUAL'!$A$3:$E$238,2,0),"") | C85: =IFERROR(VLOOKUP(A:A,'SALDO ATUAL'!$A$3:$E$238,3,0),"") | D85: =IFERROR(VLOOKUP(A:A,'SALDO ATUAL'!$A$3:$E$238,4,0),"") | E85: =IFERROR(VLOOKUP(A:A,'SALDO ATUAL'!$A$3:$E$238,5,0),"") | F85: =IFERROR(VLOOKUP(A:A,'SALDO ATUAL'!$A$2:$F$238,6,0),"") | J85: =VALIDADES!$I85-$L$2 -> -46126
B86: =IFERROR(VLOOKUP(A:A,'SALDO ATUAL'!$A$3:$E$238,2,0),"") | C86: =IFERROR(VLOOKUP(A:A,'SALDO ATUAL'!$A$3:$E$238,3,0),"") | D86: =IFERROR(VLOOKUP(A:A,'SALDO ATUAL'!$A$3:$E$238,4,0),"") | E86: =IFERROR(VLOOKUP(A:A,'SALDO ATUAL'!$A$3:$E$238,5,0),"") | F86: =IFERROR(VLOOKUP(A:A,'SALDO ATUAL'!$A$2:$F$238,6,0),"") | J86: =VALIDADES!$I86-$L$2 -> -46126
A87: 22 | B87: =IFERROR(VLOOKUP(A:A,'SALDO ATUAL'!$A$3:$E$238,2,0),"") | C87: =IFERROR(VLOOKUP(A:A,'SALDO ATUAL'!$A$3:$E$238,3,0),"") | D87: =IFERROR(VLOOKUP(A:A,'SALDO ATUAL'!$A$3:$E$238,4,0),"") | E87: =IFERROR(VLOOKUP(A:A,'SALDO ATUAL'!$A$3:$E$238,5,0),"") | F87: =IFERROR(VLOOKUP(A:A,'SALDO ATUAL'!$A$2:$F$238,6,0),"") | G87: CAM03062407S | H87: 8 | I87: 45838 | J87: =VALIDADES!$I87-$L$2 -> -288
B88: =IFERROR(VLOOKUP(A:A,'SALDO ATUAL'!$A$3:$E$238,2,0),"") | C88: =IFERROR(VLOOKUP(A:A,'SALDO ATUAL'!$A$3:$E$238,3,0),"") | D88: =IFERROR(VLOOKUP(A:A,'SALDO ATUAL'!$A$3:$E$238,4,0),"") | E88: =IFERROR(VLOOKUP(A:A,'SALDO ATUAL'!$A$3:$E$238,5,0),"") | F88: =IFERROR(VLOOKUP(A:A,'SALDO ATUAL'!$A$2:$F$238,6,0),"") | J88: =VALIDADES!$I88-$L$2 -> -46126
B89: =IFERROR(VLOOKUP(A:A,'SALDO ATUAL'!$A$3:$E$238,2,0),"") | C89: =IFERROR(VLOOKUP(A:A,'SALDO ATUAL'!$A$3:$E$238,3,0),"") | D89: =IFERROR(VLOOKUP(A:A,'SALDO ATUAL'!$A$3:$E$238,4,0),"") | E89: =IFERROR(VLOOKUP(A:A,'SALDO ATUAL'!$A$3:$E$238,5,0),"") | F89: =IFERROR(VLOOKUP(A:A,'SALDO ATUAL'!$A$2:$F$238,6,0),"") | J89: =VALIDADES!$I89-$L$2 -> -46126
B90: =IFERROR(VLOOKUP(A:A,'SALDO ATUAL'!$A$3:$E$238,2,0),"") | C90: =IFERROR(VLOOKUP(A:A,'SALDO ATUAL'!$A$3:$E$238,3,0),"") | D90: =IFERROR(VLOOKUP(A:A,'SALDO ATUAL'!$A$3:$E$238,4,0),"") | E90: =IFERROR(VLOOKUP(A:A,'SALDO ATUAL'!$A$3:$E$238,5,0),"") | F90: =IFERROR(VLOOKUP(A:A,'SALDO ATUAL'!$A$2:$F$238,6,0),"") | J90: =VALIDADES!$I90-$L$2 -> -46126
B91: =IFERROR(VLOOKUP(A:A,'SALDO ATUAL'!$A$3:$E$238,2,0),"") | C91: =IFERROR(VLOOKUP(A:A,'SALDO ATUAL'!$A$3:$E$238,3,0),"") | D91: =IFERROR(VLOOKUP(A:A,'SALDO ATUAL'!$A$3:$E$238,4,0),"") | E91: =IFERROR(VLOOKUP(A:A,'SALDO ATUAL'!$A$3:$E$238,5,0),"") | F91: =IFERROR(VLOOKUP(A:A,'SALDO ATUAL'!$A$2:$F$238,6,0),"") | J91: =VALIDADES!$I91-$L$2 -> -46126
B92: =IFERROR(VLOOKUP(A:A,'SALDO ATUAL'!$A$3:$E$238,2,0),"") | C92: =IFERROR(VLOOKUP(A:A,'SALDO ATUAL'!$A$3:$E$238,3,0),"") | D92: =IFERROR(VLOOKUP(A:A,'SALDO ATUAL'!$A$3:$E$238,4,0),"") | E92: =IFERROR(VLOOKUP(A:A,'SALDO ATUAL'!$A$3:$E$238,5,0),"") | F92: =IFERROR(VLOOKUP(A:A,'SALDO ATUAL'!$A$2:$F$238,6,0),"") | J92: =VALIDADES!$I92-$L$2 -> -46126
B93: =IFERROR(VLOOKUP(A:A,'SALDO ATUAL'!$A$3:$E$238,2,0),"") | C93: =IFERROR(VLOOKUP(A:A,'SALDO ATUAL'!$A$3:$E$238,3,0),"") | D93: =IFERROR(VLOOKUP(A:A,'SALDO ATUAL'!$A$3:$E$238,4,0),"") | E93: =IFERROR(VLOOKUP(A:A,'SALDO ATUAL'!$A$3:$E$238,5,0),"") | F93: =IFERROR(VLOOKUP(A:A,'SALDO ATUAL'!$A$2:$F$238,6,0),"") | J93: =VALIDADES!$I93-$L$2 -> -46126
B94: =IFERROR(VLOOKUP(A:A,'SALDO ATUAL'!$A$3:$E$238,2,0),"") | C94: =IFERROR(VLOOKUP(A:A,'SALDO ATUAL'!$A$3:$E$238,3,0),"") | D94: =IFERROR(VLOOKUP(A:A,'SALDO ATUAL'!$A$3:$E$238,4,0),"") | E94: =IFERROR(VLOOKUP(A:A,'SALDO ATUAL'!$A$3:$E$238,5,0),"") | F94: =IFERROR(VLOOKUP(A:A,'SALDO ATUAL'!$A$2:$F$238,6,0),"") | J94: =VALIDADES!$I94-$L$2 -> -46126
B95: =IFERROR(VLOOKUP(A:A,'SALDO ATUAL'!$A$3:$E$238,2,0),"") | C95: =IFERROR(VLOOKUP(A:A,'SALDO ATUAL'!$A$3:$E$238,3,0),"") | D95: =IFERROR(VLOOKUP(A:A,'SALDO ATUAL'!$A$3:$E$238,4,0),"") | E95: =IFERROR(VLOOKUP(A:A,'SALDO ATUAL'!$A$3:$E$238,5,0),"") | F95: =IFERROR(VLOOKUP(A:A,'SALDO ATUAL'!$A$2:$F$238,6,0),"") | J95: =VALIDADES!$I95-$L$2 -> -46126
B96: =IFERROR(VLOOKUP(A:A,'SALDO ATUAL'!$A$3:$E$238,2,0),"") | C96: =IFERROR(VLOOKUP(A:A,'SALDO ATUAL'!$A$3:$E$238,3,0),"") | D96: =IFERROR(VLOOKUP(A:A,'SALDO ATUAL'!$A$3:$E$238,4,0),"") | E96: =IFERROR(VLOOKUP(A:A,'SALDO ATUAL'!$A$3:$E$238,5,0),"") | F96: =IFERROR(VLOOKUP(A:A,'SALDO ATUAL'!$A$2:$F$238,6,0),"") | J96: =VALIDADES!$I96-$L$2 -> -46126
B97: =IFERROR(VLOOKUP(A:A,'SALDO ATUAL'!$A$3:$E$238,2,0),"") | C97: =IFERROR(VLOOKUP(A:A,'SALDO ATUAL'!$A$3:$E$238,3,0),"") | D97: =IFERROR(VLOOKUP(A:A,'SALDO ATUAL'!$A$3:$E$238,4,0),"") | E97: =IFERROR(VLOOKUP(A:A,'SALDO ATUAL'!$A$3:$E$238,5,0),"") | F97: =IFERROR(VLOOKUP(A:A,'SALDO ATUAL'!$A$2:$F$238,6,0),"") | J97: =VALIDADES!$I97-$L$2 -> -46126
B98: =IFERROR(VLOOKUP(A:A,'SALDO ATUAL'!$A$3:$E$238,2,0),"") | C98: =IFERROR(VLOOKUP(A:A,'SALDO ATUAL'!$A$3:$E$238,3,0),"") | D98: =IFERROR(VLOOKUP(A:A,'SALDO ATUAL'!$A$3:$E$238,4,0),"") | E98: =IFERROR(VLOOKUP(A:A,'SALDO ATUAL'!$A$3:$E$238,5,0),"") | F98: =IFERROR(VLOOKUP(A:A,'SALDO ATUAL'!$A$2:$F$238,6,0),"") | J98: =VALIDADES!$I98-$L$2 -> -46126
B99: =IFERROR(VLOOKUP(A:A,'SALDO ATUAL'!$A$3:$E$238,2,0),"") | C99: =IFERROR(VLOOKUP(A:A,'SALDO ATUAL'!$A$3:$E$238,3,0),"") | D99: =IFERROR(VLOOKUP(A:A,'SALDO ATUAL'!$A$3:$E$238,4,0),"") | E99: =IFERROR(VLOOKUP(A:A,'SALDO ATUAL'!$A$3:$E$238,5,0),"") | F99: =IFERROR(VLOOKUP(A:A,'SALDO ATUAL'!$A$2:$F$238,6,0),"") | J99: =VALIDADES!$I99-$L$2 -> -46126
... B102: =IFERROR(VLOOKUP(A:A,'SALDO ATUAL'!$A$3:$E$238,2,0),"") | C102: =IFERROR(VLOOKUP(A:A,'SALDO ATUAL'!$A$3:$E$238,3,0),"") | D102: =IFERROR(VLOOKUP(A:A,'SALDO ATUAL'!$A$3:$E$238,4,0),"") | E102: =IFERROR(VLOOKUP(A:A,'SALDO ATUAL'!$A$3:$E$238,5,0),"") | F102: =IFERROR(VLOOKUP(A:A,'SALDO ATUAL'!$A$2:$F$238,6,0),"") | J102: =VALIDADES!$I102-$L$2 -> -46126
A103: 230 | B103: =IFERROR(VLOOKUP(A:A,'SALDO ATUAL'!$A$3:$E$238,2,0),"") -> 0 | C103: =IFERROR(VLOOKUP(A:A,'SALDO ATUAL'!$A$3:$E$238,3,0),"") -> MÁSCARA EGYPTIAN ROSE | D103: =IFERROR(VLOOKUP(A:A,'SALDO ATUAL'!$A$3:$E$238,4,0),"") -> DERMOCOSMÉTICO E COSMÉTICO | E103: =IFERROR(VLOOKUP(A:A,'SALDO ATUAL'!$A$3:$E$238,5,0),"") -> 0 | F103: =IFERROR(VLOOKUP(A:A,'SALDO ATUAL'!$A$2:$F$238,6,0),"") -> 0 | G103: 21611-1 | H103: 5 | I103: 45747 | J103: =VALIDADES!$I103-$L$2 -> -379
B104: =IFERROR(VLOOKUP(A:A,'SALDO ATUAL'!$A$3:$E$238,2,0),"") | C104: =IFERROR(VLOOKUP(A:A,'SALDO ATUAL'!$A$3:$E$238,3,0),"") | D104: =IFERROR(VLOOKUP(A:A,'SALDO ATUAL'!$A$3:$E$238,4,0),"") | E104: =IFERROR(VLOOKUP(A:A,'SALDO ATUAL'!$A$3:$E$238,5,0),"") | F104: =IFERROR(VLOOKUP(A:A,'SALDO ATUAL'!$A$2:$F$238,6,0),"") | J104: =VALIDADES!$I104-$L$2 -> -46126
A105: 19 | B105: INATIVO | C105: =IFERROR(VLOOKUP(A:A,'SALDO ATUAL'!$A$3:$E$238,3,0),"") -> AH SOFIDERM 10ML | D105: =IFERROR(VLOOKUP(A:A,'SALDO ATUAL'!$A$3:$E$238,4,0),"") -> PREENCHEDOR | E105: =IFERROR(VLOOKUP(A:A,'SALDO ATUAL'!$A$3:$E$238,5,0),"") -> 023 - Mililitro | F105: =IFERROR(VLOOKUP(A:A,'SALDO ATUAL'!$A$2:$F$238,6,0),"") -> AESKINS | G105: 21274-1 | H105: 1 | I105: 45961 | J105: =VALIDADES!$I105-$L$2 -> -165
B106: =IFERROR(VLOOKUP(A:A,'SALDO ATUAL'!$A$3:$E$238,2,0),"") | C106: =IFERROR(VLOOKUP(A:A,'SALDO ATUAL'!$A$3:$E$238,3,0),"") | D106: =IFERROR(VLOOKUP(A:A,'SALDO ATUAL'!$A$3:$E$238,4,0),"") | E106: =IFERROR(VLOOKUP(A:A,'SALDO ATUAL'!$A$3:$E$238,5,0),"") | F106: =IFERROR(VLOOKUP(A:A,'SALDO ATUAL'!$A$2:$F$238,6,0),"") | J106: =VALIDADES!$I106-$L$2 -> -46126
B107: =IFERROR(VLOOKUP(A:A,'SALDO ATUAL'!$A$3:$E$238,2,0),"") | C107: =IFERROR(VLOOKUP(A:A,'SALDO ATUAL'!$A$3:$E$238,3,0),"") | D107: =IFERROR(VLOOKUP(A:A,'SALDO ATUAL'!$A$3:$E$238,4,0),"") | E107: =IFERROR(VLOOKUP(A:A,'SALDO ATUAL'!$A$3:$E$238,5,0),"") | F107: =IFERROR(VLOOKUP(A:A,'SALDO ATUAL'!$A$2:$F$238,6,0),"") | J107: =VALIDADES!$I107-$L$2 -> -46126
B108: =IFERROR(VLOOKUP(A:A,'SALDO ATUAL'!$A$3:$E$238,2,0),"") | C108: =IFERROR(VLOOKUP(A:A,'SALDO ATUAL'!$A$3:$E$238,3,0),"") | D108: =IFERROR(VLOOKUP(A:A,'SALDO ATUAL'!$A$3:$E$238,4,0),"") | E108: =IFERROR(VLOOKUP(A:A,'SALDO ATUAL'!$A$3:$E$238,5,0),"") | F108: =IFERROR(VLOOKUP(A:A,'SALDO ATUAL'!$A$2:$F$238,6,0),"") | J108: =VALIDADES!$I108-$L$2 -> -46126
B109: =IFERROR(VLOOKUP(A:A,'SALDO ATUAL'!$A$3:$E$238,2,0),"") | C109: =IFERROR(VLOOKUP(A:A,'SALDO ATUAL'!$A$3:$E$238,3,0),"") | D109: =IFERROR(VLOOKUP(A:A,'SALDO ATUAL'!$A$3:$E$238,4,0),"") | E109: =IFERROR(VLOOKUP(A:A,'SALDO ATUAL'!$A$3:$E$238,5,0),"") | F109: =IFERROR(VLOOKUP(A:A,'SALDO ATUAL'!$A$2:$F$238,6,0),"") | J109: =VALIDADES!$I109-$L$2 -> -46126
...
